image_path,MSE,SSIM,Severity,True_RUL
/content/drive/MyDrive/AnomalyDetection/Datamining_dataset/Test/cable_test/cable_bent_wire/010.png,0.015664436,0.38754272,2,9
/content/drive/MyDrive/AnomalyDetection/Datamining_dataset/Test/cable_test/cable_bent_wire/001.png,0.0128258625,0.36848623,2,9
/content/drive/MyDrive/AnomalyDetection/Datamining_dataset/Test/cable_test/cable_bent_wire/008.png,0.013188604,0.36481,2,9
/content/drive/MyDrive/AnomalyDetection/Datamining_dataset/Test/cable_test/cable_bent_wire/000.png,0.013222214,0.372087,2,9
/content/drive/MyDrive/AnomalyDetection/Datamining_dataset/Test/cable_test/cable_bent_wire/009.png,0.012741788,0.39967275,2,9
/content/drive/MyDrive/AnomalyDetection/Datamining_dataset/Test/cable_test/cable_bent_wire/003.png,0.015536337,0.37702858,2,9
/content/drive/MyDrive/AnomalyDetection/Datamining_dataset/Test/cable_test/cable_bent_wire/012.png,0.014350652,0.39442223,2,9
/content/drive/MyDrive/AnomalyDetection/Datamining_dataset/Test/cable_test/cable_bent_wire/006.png,0.012440215,0.37222385,2,9
/content/drive/MyDrive/AnomalyDetection/Datamining_dataset/Test/cable_test/cable_bent_wire/002.png,0.014254242,0.36762977,2,9
/content/drive/MyDrive/AnomalyDetection/Datamining_dataset/Test/cable_test/cable_bent_wire/005.png,0.015297174,0.40825987,2,9
/content/drive/MyDrive/AnomalyDetection/Datamining_dataset/Test/cable_test/cable_bent_wire/004.png,0.014144943,0.39414835,2,9
/content/drive/MyDrive/AnomalyDetection/Datamining_dataset/Test/cable_test/cable_bent_wire/007.png,0.014635626,0.4026366,2,9
/content/drive/MyDrive/AnomalyDetection/Datamining_dataset/Test/cable_test/cable_bent_wire/011.png,0.01481937,0.43320495,2,9
/content/drive/MyDrive/AnomalyDetection/Datamining_dataset/Test/cable_test/cable_cut_inner_insulation/005.png,0.0148679875,0.40993643,3,6
/content/drive/MyDrive/AnomalyDetection/Datamining_dataset/Test/cable_test/cable_cut_inner_insulation/011.png,0.014802189,0.409833,3,6
/content/drive/MyDrive/AnomalyDetection/Datamining_dataset/Test/cable_test/cable_cut_inner_insulation/007.png,0.0142909475,0.38271803,3,6
/content/drive/MyDrive/AnomalyDetection/Datamining_dataset/Test/cable_test/cable_cut_inner_insulation/009.png,0.014028262,0.38432056,3,6
/content/drive/MyDrive/AnomalyDetection/Datamining_dataset/Test/cable_test/cable_cut_inner_insulation/003.png,0.013773176,0.40930492,3,6
/content/drive/MyDrive/AnomalyDetection/Datamining_dataset/Test/cable_test/cable_cut_inner_insulation/010.png,0.014944717,0.40176648,3,6
/content/drive/MyDrive/AnomalyDetection/Datamining_dataset/Test/cable_test/cable_cut_inner_insulation/006.png,0.013970218,0.3705178,3,6
/content/drive/MyDrive/AnomalyDetection/Datamining_dataset/Test/cable_test/cable_cut_inner_insulation/001.png,0.014703546,0.40647864,3,6
/content/drive/MyDrive/AnomalyDetection/Datamining_dataset/Test/cable_test/cable_cut_inner_insulation/013.png,0.0155775845,0.40978247,3,6
/content/drive/MyDrive/AnomalyDetection/Datamining_dataset/Test/cable_test/cable_cut_inner_insulation/008.png,0.015149345,0.38156873,3,6
/content/drive/MyDrive/AnomalyDetection/Datamining_dataset/Test/cable_test/cable_cut_inner_insulation/002.png,0.014427959,0.3753752,3,6
/content/drive/MyDrive/AnomalyDetection/Datamining_dataset/Test/cable_test/cable_cut_inner_insulation/000.png,0.016354691,0.40083295,3,6
/content/drive/MyDrive/AnomalyDetection/Datamining_dataset/Test/cable_test/cable_cut_inner_insulation/004.png,0.013707313,0.37083524,3,6
/content/drive/MyDrive/AnomalyDetection/Datamining_dataset/Test/cable_test/cable_cut_inner_insulation/012.png,0.014171533,0.41186553,3,6
/content/drive/MyDrive/AnomalyDetection/Datamining_dataset/Test/cable_test/cable_combined/009.png,0.012936381,0.36002374,2,9
/content/drive/MyDrive/AnomalyDetection/Datamining_dataset/Test/cable_test/cable_combined/000.png,0.013470265,0.39999646,2,9
/content/drive/MyDrive/AnomalyDetection/Datamining_dataset/Test/cable_test/cable_combined/010.png,0.010842714,0.323936,2,9
/content/drive/MyDrive/AnomalyDetection/Datamining_dataset/Test/cable_test/cable_combined/001.png,0.011175641,0.35920054,2,9
/content/drive/MyDrive/AnomalyDetection/Datamining_dataset/Test/cable_test/cable_combined/005.png,0.013559279,0.33348113,2,9
/content/drive/MyDrive/AnomalyDetection/Datamining_dataset/Test/cable_test/cable_combined/007.png,0.009483165,0.32728666,2,9
/content/drive/MyDrive/AnomalyDetection/Datamining_dataset/Test/cable_test/cable_combined/006.png,0.011360657,0.3125329,2,9
/content/drive/MyDrive/AnomalyDetection/Datamining_dataset/Test/cable_test/cable_combined/008.png,0.0113287745,0.37129992,2,9
/content/drive/MyDrive/AnomalyDetection/Datamining_dataset/Test/cable_test/cable_combined/003.png,0.010736479,0.33713138,2,9
/content/drive/MyDrive/AnomalyDetection/Datamining_dataset/Test/cable_test/cable_combined/004.png,0.012580712,0.366633,2,9
/content/drive/MyDrive/AnomalyDetection/Datamining_dataset/Test/cable_test/cable_combined/002.png,0.012323637,0.3578769,2,9
/content/drive/MyDrive/AnomalyDetection/Datamining_dataset/Test/cable_test/cable_cut_outer_insulation/008.png,0.015147521,0.39670497,3,6
/content/drive/MyDrive/AnomalyDetection/Datamining_dataset/Test/cable_test/cable_cut_outer_insulation/009.png,0.01818925,0.41249418,3,6
/content/drive/MyDrive/AnomalyDetection/Datamining_dataset/Test/cable_test/cable_cut_outer_insulation/007.png,0.016700068,0.38934082,3,6
/content/drive/MyDrive/AnomalyDetection/Datamining_dataset/Test/cable_test/cable_cut_outer_insulation/003.png,0.018466214,0.4112181,3,6
/content/drive/MyDrive/AnomalyDetection/Datamining_dataset/Test/cable_test/cable_cut_outer_insulation/006.png,0.016521407,0.38734674,3,6
/content/drive/MyDrive/AnomalyDetection/Datamining_dataset/Test/cable_test/cable_cut_outer_insulation/000.png,0.0164333,0.40576977,3,6
/content/drive/MyDrive/AnomalyDetection/Datamining_dataset/Test/cable_test/cable_cut_outer_insulation/002.png,0.015877267,0.4065144,3,6
/content/drive/MyDrive/AnomalyDetection/Datamining_dataset/Test/cable_test/cable_cut_outer_insulation/005.png,0.01798577,0.4052236,3,6
/content/drive/MyDrive/AnomalyDetection/Datamining_dataset/Test/cable_test/cable_cut_outer_insulation/001.png,0.016360402,0.39564216,3,6
/content/drive/MyDrive/AnomalyDetection/Datamining_dataset/Test/cable_test/cable_cut_outer_insulation/004.png,0.016926872,0.4043401,3,6
/content/drive/MyDrive/AnomalyDetection/Datamining_dataset/Test/cable_test/cable_good/050.png,0.014685169,0.41250128,2,9
/content/drive/MyDrive/AnomalyDetection/Datamining_dataset/Test/cable_test/cable_good/010.png,0.013113051,0.38351113,2,9
/content/drive/MyDrive/AnomalyDetection/Datamining_dataset/Test/cable_test/cable_good/032.png,0.014273077,0.4006123,2,9
/content/drive/MyDrive/AnomalyDetection/Datamining_dataset/Test/cable_test/cable_good/043.png,0.0148772225,0.38933402,2,9
/content/drive/MyDrive/AnomalyDetection/Datamining_dataset/Test/cable_test/cable_good/028.png,0.013028104,0.36564273,2,9
/content/drive/MyDrive/AnomalyDetection/Datamining_dataset/Test/cable_test/cable_good/057.png,0.014468562,0.38377643,2,9
/content/drive/MyDrive/AnomalyDetection/Datamining_dataset/Test/cable_test/cable_good/045.png,0.013791647,0.3508019,2,9
/content/drive/MyDrive/AnomalyDetection/Datamining_dataset/Test/cable_test/cable_good/023.png,0.013965703,0.35964745,2,9
/content/drive/MyDrive/AnomalyDetection/Datamining_dataset/Test/cable_test/cable_good/020.png,0.013227686,0.33635938,2,9
/content/drive/MyDrive/AnomalyDetection/Datamining_dataset/Test/cable_test/cable_good/014.png,0.013897327,0.3853861,2,9
/content/drive/MyDrive/AnomalyDetection/Datamining_dataset/Test/cable_test/cable_good/036.png,0.016148806,0.38255048,2,9
/content/drive/MyDrive/AnomalyDetection/Datamining_dataset/Test/cable_test/cable_good/017.png,0.013941366,0.3621778,2,9
/content/drive/MyDrive/AnomalyDetection/Datamining_dataset/Test/cable_test/cable_good/013.png,0.012754098,0.3697424,2,9
/content/drive/MyDrive/AnomalyDetection/Datamining_dataset/Test/cable_test/cable_good/016.png,0.014480242,0.37262863,2,9
/content/drive/MyDrive/AnomalyDetection/Datamining_dataset/Test/cable_test/cable_good/024.png,0.013829169,0.36751175,2,9
/content/drive/MyDrive/AnomalyDetection/Datamining_dataset/Test/cable_test/cable_good/029.png,0.013615917,0.36740237,2,9
/content/drive/MyDrive/AnomalyDetection/Datamining_dataset/Test/cable_test/cable_good/038.png,0.015996965,0.38126236,2,9
/content/drive/MyDrive/AnomalyDetection/Datamining_dataset/Test/cable_test/cable_good/042.png,0.01586694,0.3938921,2,9
/content/drive/MyDrive/AnomalyDetection/Datamining_dataset/Test/cable_test/cable_good/031.png,0.015002004,0.3925559,2,9
/content/drive/MyDrive/AnomalyDetection/Datamining_dataset/Test/cable_test/cable_good/049.png,0.015546757,0.3872499,2,9
/content/drive/MyDrive/AnomalyDetection/Datamining_dataset/Test/cable_test/cable_good/026.png,0.013609449,0.34031808,2,9
/content/drive/MyDrive/AnomalyDetection/Datamining_dataset/Test/cable_test/cable_good/039.png,0.015627185,0.36766154,2,9
/content/drive/MyDrive/AnomalyDetection/Datamining_dataset/Test/cable_test/cable_good/008.png,0.014516428,0.3606527,2,9
/content/drive/MyDrive/AnomalyDetection/Datamining_dataset/Test/cable_test/cable_good/044.png,0.0133483065,0.34543067,2,9
/content/drive/MyDrive/AnomalyDetection/Datamining_dataset/Test/cable_test/cable_good/056.png,0.013078146,0.37712502,2,9
/content/drive/MyDrive/AnomalyDetection/Datamining_dataset/Test/cable_test/cable_good/027.png,0.015253273,0.3862509,2,9
/content/drive/MyDrive/AnomalyDetection/Datamining_dataset/Test/cable_test/cable_good/005.png,0.014615759,0.37750673,2,9
/content/drive/MyDrive/AnomalyDetection/Datamining_dataset/Test/cable_test/cable_good/022.png,0.014702457,0.37049794,2,9
/content/drive/MyDrive/AnomalyDetection/Datamining_dataset/Test/cable_test/cable_good/035.png,0.014816509,0.35145926,2,9
/content/drive/MyDrive/AnomalyDetection/Datamining_dataset/Test/cable_test/cable_good/003.png,0.012830325,0.33014685,2,9
/content/drive/MyDrive/AnomalyDetection/Datamining_dataset/Test/cable_test/cable_good/034.png,0.01720147,0.3925991,2,9
/content/drive/MyDrive/AnomalyDetection/Datamining_dataset/Test/cable_test/cable_good/025.png,0.014383305,0.3821972,2,9
/content/drive/MyDrive/AnomalyDetection/Datamining_dataset/Test/cable_test/cable_good/018.png,0.013960969,0.3683254,2,9
/content/drive/MyDrive/AnomalyDetection/Datamining_dataset/Test/cable_test/cable_good/030.png,0.01357589,0.37635142,2,9
/content/drive/MyDrive/AnomalyDetection/Datamining_dataset/Test/cable_test/cable_good/011.png,0.013089961,0.36637527,2,9
/content/drive/MyDrive/AnomalyDetection/Datamining_dataset/Test/cable_test/cable_good/012.png,0.013824907,0.36982447,2,9
/content/drive/MyDrive/AnomalyDetection/Datamining_dataset/Test/cable_test/cable_good/019.png,0.014090334,0.36717063,2,9
/content/drive/MyDrive/AnomalyDetection/Datamining_dataset/Test/cable_test/cable_good/033.png,0.016584441,0.38606972,2,9
/content/drive/MyDrive/AnomalyDetection/Datamining_dataset/Test/cable_test/cable_good/040.png,0.014861734,0.3749323,2,9
/content/drive/MyDrive/AnomalyDetection/Datamining_dataset/Test/cable_test/cable_good/015.png,0.01315421,0.37278014,2,9
/content/drive/MyDrive/AnomalyDetection/Datamining_dataset/Test/cable_test/cable_good/054.png,0.009308258,0.37333363,2,9
/content/drive/MyDrive/AnomalyDetection/Datamining_dataset/Test/cable_test/cable_good/021.png,0.015190984,0.37134653,2,9
/content/drive/MyDrive/AnomalyDetection/Datamining_dataset/Test/cable_test/cable_good/041.png,0.017885393,0.39022154,2,9
/content/drive/MyDrive/AnomalyDetection/Datamining_dataset/Test/cable_test/cable_good/055.png,0.013286625,0.3946857,2,9
/content/drive/MyDrive/AnomalyDetection/Datamining_dataset/Test/cable_test/cable_good/047.png,0.014670953,0.35764092,2,9
/content/drive/MyDrive/AnomalyDetection/Datamining_dataset/Test/cable_test/cable_good/037.png,0.015066664,0.33717567,2,9
/content/drive/MyDrive/AnomalyDetection/Datamining_dataset/Test/cable_test/cable_good/051.png,0.011868589,0.41571033,2,9
/content/drive/MyDrive/AnomalyDetection/Datamining_dataset/Test/cable_test/cable_good/046.png,0.013310355,0.3602671,2,9
/content/drive/MyDrive/AnomalyDetection/Datamining_dataset/Test/cable_test/cable_good/052.png,0.011598237,0.3384984,2,9
/content/drive/MyDrive/AnomalyDetection/Datamining_dataset/Test/cable_test/cable_good/009.png,0.014149815,0.3888654,2,9
/content/drive/MyDrive/AnomalyDetection/Datamining_dataset/Test/cable_test/cable_good/053.png,0.011562011,0.35898262,2,9
/content/drive/MyDrive/AnomalyDetection/Datamining_dataset/Test/cable_test/cable_good/000.png,0.01386498,0.36000592,2,9
/content/drive/MyDrive/AnomalyDetection/Datamining_dataset/Test/cable_test/cable_good/048.png,0.015155985,0.386136,2,9
/content/drive/MyDrive/AnomalyDetection/Datamining_dataset/Test/cable_test/cable_good/002.png,0.014435726,0.35784465,2,9
/content/drive/MyDrive/AnomalyDetection/Datamining_dataset/Test/cable_test/cable_good/007.png,0.0146549875,0.34725803,2,9
/content/drive/MyDrive/AnomalyDetection/Datamining_dataset/Test/cable_test/cable_good/006.png,0.014086342,0.3614517,2,9
/content/drive/MyDrive/AnomalyDetection/Datamining_dataset/Test/cable_test/cable_good/001.png,0.013141199,0.34646338,2,9
/content/drive/MyDrive/AnomalyDetection/Datamining_dataset/Test/cable_test/cable_good/004.png,0.013825472,0.3619582,2,9
/content/drive/MyDrive/AnomalyDetection/Datamining_dataset/Test/cable_test/cable_poke_insulation/002.png,0.014589219,0.37966228,1,12
/content/drive/MyDrive/AnomalyDetection/Datamining_dataset/Test/cable_test/cable_poke_insulation/001.png,0.010589067,0.32205397,1,12
/content/drive/MyDrive/AnomalyDetection/Datamining_dataset/Test/cable_test/cable_poke_insulation/004.png,0.01381011,0.36884642,1,12
/content/drive/MyDrive/AnomalyDetection/Datamining_dataset/Test/cable_test/cable_poke_insulation/006.png,0.011379874,0.3410887,1,12
/content/drive/MyDrive/AnomalyDetection/Datamining_dataset/Test/cable_test/cable_poke_insulation/008.png,0.010923889,0.34245348,1,12
/content/drive/MyDrive/AnomalyDetection/Datamining_dataset/Test/cable_test/cable_poke_insulation/007.png,0.012852535,0.36064285,1,12
/content/drive/MyDrive/AnomalyDetection/Datamining_dataset/Test/cable_test/cable_poke_insulation/000.png,0.014120045,0.36847717,1,12
/content/drive/MyDrive/AnomalyDetection/Datamining_dataset/Test/cable_test/cable_poke_insulation/009.png,0.012765844,0.33197945,1,12
/content/drive/MyDrive/AnomalyDetection/Datamining_dataset/Test/cable_test/cable_poke_insulation/003.png,0.013092204,0.37721163,1,12
/content/drive/MyDrive/AnomalyDetection/Datamining_dataset/Test/cable_test/cable_poke_insulation/005.png,0.01260703,0.35408694,1,12
/content/drive/MyDrive/AnomalyDetection/Datamining_dataset/Test/cable_test/cable_swap/003.png,0.0146542005,0.3943841,2,9
/content/drive/MyDrive/AnomalyDetection/Datamining_dataset/Test/cable_test/cable_swap/006.png,0.014161051,0.35676336,2,9
/content/drive/MyDrive/AnomalyDetection/Datamining_dataset/Test/cable_test/cable_swap/005.png,0.015735477,0.39764428,2,9
/content/drive/MyDrive/AnomalyDetection/Datamining_dataset/Test/cable_test/cable_swap/007.png,0.014192011,0.3658417,2,9
/content/drive/MyDrive/AnomalyDetection/Datamining_dataset/Test/cable_test/cable_swap/009.png,0.015725823,0.4078942,2,9
/content/drive/MyDrive/AnomalyDetection/Datamining_dataset/Test/cable_test/cable_swap/004.png,0.015221494,0.39469916,2,9
/content/drive/MyDrive/AnomalyDetection/Datamining_dataset/Test/cable_test/cable_swap/001.png,0.014971689,0.37645775,2,9
/content/drive/MyDrive/AnomalyDetection/Datamining_dataset/Test/cable_test/cable_swap/002.png,0.012560237,0.36741573,2,9
/content/drive/MyDrive/AnomalyDetection/Datamining_dataset/Test/cable_test/cable_swap/011.png,0.013453893,0.4053344,2,9
/content/drive/MyDrive/AnomalyDetection/Datamining_dataset/Test/cable_test/cable_swap/008.png,0.015410151,0.39030218,2,9
/content/drive/MyDrive/AnomalyDetection/Datamining_dataset/Test/cable_test/cable_swap/000.png,0.016858593,0.411802,2,9
/content/drive/MyDrive/AnomalyDetection/Datamining_dataset/Test/cable_test/cable_swap/010.png,0.013007369,0.39077514,2,9
/content/drive/MyDrive/AnomalyDetection/Datamining_dataset/Test/cable_test/cable_missing_wire/006.png,0.013768241,0.37057883,4,3
/content/drive/MyDrive/AnomalyDetection/Datamining_dataset/Test/cable_test/cable_missing_wire/007.png,0.009948026,0.3475315,4,3
/content/drive/MyDrive/AnomalyDetection/Datamining_dataset/Test/cable_test/cable_missing_wire/001.png,0.0153906895,0.36176175,4,3
/content/drive/MyDrive/AnomalyDetection/Datamining_dataset/Test/cable_test/cable_missing_wire/005.png,0.012710632,0.36521715,4,3
/content/drive/MyDrive/AnomalyDetection/Datamining_dataset/Test/cable_test/cable_missing_wire/000.png,0.014123107,0.3696897,4,3
/content/drive/MyDrive/AnomalyDetection/Datamining_dataset/Test/cable_test/cable_missing_wire/009.png,0.013369632,0.35632414,4,3
/content/drive/MyDrive/AnomalyDetection/Datamining_dataset/Test/cable_test/cable_missing_wire/004.png,0.011772743,0.34043396,4,3
/content/drive/MyDrive/AnomalyDetection/Datamining_dataset/Test/cable_test/cable_missing_wire/003.png,0.011417239,0.36377484,4,3
/content/drive/MyDrive/AnomalyDetection/Datamining_dataset/Test/cable_test/cable_missing_wire/002.png,0.014516189,0.36987042,4,3
/content/drive/MyDrive/AnomalyDetection/Datamining_dataset/Test/cable_test/cable_missing_wire/008.png,0.01158562,0.38461298,4,3
/content/drive/MyDrive/AnomalyDetection/Datamining_dataset/Test/cable_test/cable_missing_cable/000.png,0.015457723,0.39147288,2,9
/content/drive/MyDrive/AnomalyDetection/Datamining_dataset/Test/cable_test/cable_missing_cable/005.png,0.013717867,0.34556723,2,9
/content/drive/MyDrive/AnomalyDetection/Datamining_dataset/Test/cable_test/cable_missing_cable/010.png,0.0160127,0.3884248,2,9
/content/drive/MyDrive/AnomalyDetection/Datamining_dataset/Test/cable_test/cable_missing_cable/002.png,0.01245255,0.32306623,2,9
/content/drive/MyDrive/AnomalyDetection/Datamining_dataset/Test/cable_test/cable_missing_cable/007.png,0.0134306075,0.31512475,2,9
/content/drive/MyDrive/AnomalyDetection/Datamining_dataset/Test/cable_test/cable_missing_cable/001.png,0.0116132805,0.32419825,2,9
/content/drive/MyDrive/AnomalyDetection/Datamining_dataset/Test/cable_test/cable_missing_cable/011.png,0.0152644,0.36694187,2,9
/content/drive/MyDrive/AnomalyDetection/Datamining_dataset/Test/cable_test/cable_missing_cable/006.png,0.010516648,0.27464694,2,9
/content/drive/MyDrive/AnomalyDetection/Datamining_dataset/Test/cable_test/cable_missing_cable/003.png,0.012910061,0.36359066,2,9
/content/drive/MyDrive/AnomalyDetection/Datamining_dataset/Test/cable_test/cable_missing_cable/008.png,0.011226006,0.2992863,2,9
/content/drive/MyDrive/AnomalyDetection/Datamining_dataset/Test/cable_test/cable_missing_cable/009.png,0.011577528,0.29014128,2,9
/content/drive/MyDrive/AnomalyDetection/Datamining_dataset/Test/cable_test/cable_missing_cable/004.png,0.015991347,0.37928295,2,9
/content/drive/MyDrive/AnomalyDetection/Datamining_dataset/Test/grid_test/grid_good/006.png,0.0068213358,0.47448248,2,9
/content/drive/MyDrive/AnomalyDetection/Datamining_dataset/Test/grid_test/grid_good/005.png,0.006645428,0.4929983,2,9
/content/drive/MyDrive/AnomalyDetection/Datamining_dataset/Test/grid_test/grid_good/020.png,0.00660992,0.45637906,2,9
/content/drive/MyDrive/AnomalyDetection/Datamining_dataset/Test/grid_test/grid_good/003.png,0.007098315,0.26030558,2,9
/content/drive/MyDrive/AnomalyDetection/Datamining_dataset/Test/grid_test/grid_good/012.png,0.008370046,0.389466,2,9
/content/drive/MyDrive/AnomalyDetection/Datamining_dataset/Test/grid_test/grid_good/018.png,0.009264635,0.4501391,2,9
/content/drive/MyDrive/AnomalyDetection/Datamining_dataset/Test/grid_test/grid_good/009.png,0.0069865994,0.30715322,2,9
/content/drive/MyDrive/AnomalyDetection/Datamining_dataset/Test/grid_test/grid_good/002.png,0.0058878106,0.30812854,2,9
/content/drive/MyDrive/AnomalyDetection/Datamining_dataset/Test/grid_test/grid_good/017.png,0.008397765,0.44667822,2,9
/content/drive/MyDrive/AnomalyDetection/Datamining_dataset/Test/grid_test/grid_good/013.png,0.006153816,0.40423042,2,9
/content/drive/MyDrive/AnomalyDetection/Datamining_dataset/Test/grid_test/grid_good/014.png,0.005833732,0.42973143,2,9
/content/drive/MyDrive/AnomalyDetection/Datamining_dataset/Test/grid_test/grid_good/011.png,0.008637481,0.4444239,2,9
/content/drive/MyDrive/AnomalyDetection/Datamining_dataset/Test/grid_test/grid_good/016.png,0.00741476,0.3347755,2,9
/content/drive/MyDrive/AnomalyDetection/Datamining_dataset/Test/grid_test/grid_good/007.png,0.0056137554,0.43455017,2,9
/content/drive/MyDrive/AnomalyDetection/Datamining_dataset/Test/grid_test/grid_good/010.png,0.006072152,0.5110228,2,9
/content/drive/MyDrive/AnomalyDetection/Datamining_dataset/Test/grid_test/grid_good/000.png,0.0067524947,0.29065138,2,9
/content/drive/MyDrive/AnomalyDetection/Datamining_dataset/Test/grid_test/grid_good/015.png,0.0061123488,0.33843583,2,9
/content/drive/MyDrive/AnomalyDetection/Datamining_dataset/Test/grid_test/grid_good/001.png,0.0060724462,0.33381033,2,9
/content/drive/MyDrive/AnomalyDetection/Datamining_dataset/Test/grid_test/grid_good/008.png,0.005956324,0.46525258,2,9
/content/drive/MyDrive/AnomalyDetection/Datamining_dataset/Test/grid_test/grid_good/019.png,0.008913384,0.45730513,2,9
/content/drive/MyDrive/AnomalyDetection/Datamining_dataset/Test/grid_test/grid_good/004.png,0.007176785,0.44205886,2,9
/content/drive/MyDrive/AnomalyDetection/Datamining_dataset/Test/grid_test/grid_bent/003.png,0.007045777,0.38817292,1,12
/content/drive/MyDrive/AnomalyDetection/Datamining_dataset/Test/grid_test/grid_bent/010.png,0.0067937397,0.24023056,1,12
/content/drive/MyDrive/AnomalyDetection/Datamining_dataset/Test/grid_test/grid_bent/011.png,0.0068181567,0.3555346,1,12
/content/drive/MyDrive/AnomalyDetection/Datamining_dataset/Test/grid_test/grid_bent/001.png,0.0072678365,0.23958689,1,12
/content/drive/MyDrive/AnomalyDetection/Datamining_dataset/Test/grid_test/grid_bent/005.png,0.005492752,0.27383906,1,12
/content/drive/MyDrive/AnomalyDetection/Datamining_dataset/Test/grid_test/grid_bent/007.png,0.006055944,0.27820176,1,12
/content/drive/MyDrive/AnomalyDetection/Datamining_dataset/Test/grid_test/grid_bent/009.png,0.006683111,0.2761472,1,12
/content/drive/MyDrive/AnomalyDetection/Datamining_dataset/Test/grid_test/grid_bent/004.png,0.0064254035,0.27843124,1,12
/content/drive/MyDrive/AnomalyDetection/Datamining_dataset/Test/grid_test/grid_bent/000.png,0.007040002,0.46850199,1,12
/content/drive/MyDrive/AnomalyDetection/Datamining_dataset/Test/grid_test/grid_bent/006.png,0.0067064203,0.38723874,1,12
/content/drive/MyDrive/AnomalyDetection/Datamining_dataset/Test/grid_test/grid_bent/008.png,0.008221874,0.29579496,1,12
/content/drive/MyDrive/AnomalyDetection/Datamining_dataset/Test/grid_test/grid_bent/002.png,0.006814869,0.2579859,1,12
/content/drive/MyDrive/AnomalyDetection/Datamining_dataset/Test/grid_test/grid_glue/009.png,0.008511218,0.4713425,1,12
/content/drive/MyDrive/AnomalyDetection/Datamining_dataset/Test/grid_test/grid_glue/007.png,0.006319029,0.38373548,1,12
/content/drive/MyDrive/AnomalyDetection/Datamining_dataset/Test/grid_test/grid_glue/008.png,0.0052274833,0.25370258,1,12
/content/drive/MyDrive/AnomalyDetection/Datamining_dataset/Test/grid_test/grid_glue/010.png,0.006960266,0.3925829,1,12
/content/drive/MyDrive/AnomalyDetection/Datamining_dataset/Test/grid_test/grid_glue/004.png,0.0070605786,0.40084743,1,12
/content/drive/MyDrive/AnomalyDetection/Datamining_dataset/Test/grid_test/grid_glue/003.png,0.010259046,0.39851093,1,12
/content/drive/MyDrive/AnomalyDetection/Datamining_dataset/Test/grid_test/grid_glue/006.png,0.0062451363,0.41428286,1,12
/content/drive/MyDrive/AnomalyDetection/Datamining_dataset/Test/grid_test/grid_glue/002.png,0.006668985,0.2699809,1,12
/content/drive/MyDrive/AnomalyDetection/Datamining_dataset/Test/grid_test/grid_glue/001.png,0.007639572,0.29406172,1,12
/content/drive/MyDrive/AnomalyDetection/Datamining_dataset/Test/grid_test/grid_glue/000.png,0.006661996,0.4352286,1,12
/content/drive/MyDrive/AnomalyDetection/Datamining_dataset/Test/grid_test/grid_glue/005.png,0.0068618073,0.44294143,1,12
/content/drive/MyDrive/AnomalyDetection/Datamining_dataset/Test/grid_test/grid_broken/007.png,0.005910207,0.3629828,3,6
/content/drive/MyDrive/AnomalyDetection/Datamining_dataset/Test/grid_test/grid_broken/006.png,0.0062382263,0.3813786,3,6
/content/drive/MyDrive/AnomalyDetection/Datamining_dataset/Test/grid_test/grid_broken/001.png,0.006037096,0.35197896,3,6
/content/drive/MyDrive/AnomalyDetection/Datamining_dataset/Test/grid_test/grid_broken/011.png,0.008642803,0.44853282,3,6
/content/drive/MyDrive/AnomalyDetection/Datamining_dataset/Test/grid_test/grid_broken/000.png,0.006519063,0.4321096,3,6
/content/drive/MyDrive/AnomalyDetection/Datamining_dataset/Test/grid_test/grid_broken/008.png,0.0064836834,0.28986198,3,6
/content/drive/MyDrive/AnomalyDetection/Datamining_dataset/Test/grid_test/grid_broken/010.png,0.0067684725,0.24385017,3,6
/content/drive/MyDrive/AnomalyDetection/Datamining_dataset/Test/grid_test/grid_broken/005.png,0.007144738,0.32928628,3,6
/content/drive/MyDrive/AnomalyDetection/Datamining_dataset/Test/grid_test/grid_broken/009.png,0.006254651,0.37429398,3,6
/content/drive/MyDrive/AnomalyDetection/Datamining_dataset/Test/grid_test/grid_broken/004.png,0.0067687947,0.34916586,3,6
/content/drive/MyDrive/AnomalyDetection/Datamining_dataset/Test/grid_test/grid_broken/002.png,0.007960246,0.46940392,3,6
/content/drive/MyDrive/AnomalyDetection/Datamining_dataset/Test/grid_test/grid_broken/003.png,0.0062347967,0.26047206,3,6
/content/drive/MyDrive/AnomalyDetection/Datamining_dataset/Test/grid_test/grid_metal_contamination/000.png,0.007737238,0.31625718,2,9
/content/drive/MyDrive/AnomalyDetection/Datamining_dataset/Test/grid_test/grid_metal_contamination/006.png,0.0071988567,0.4226045,2,9
/content/drive/MyDrive/AnomalyDetection/Datamining_dataset/Test/grid_test/grid_metal_contamination/002.png,0.0071790325,0.33476162,2,9
/content/drive/MyDrive/AnomalyDetection/Datamining_dataset/Test/grid_test/grid_metal_contamination/009.png,0.007600928,0.2874599,2,9
/content/drive/MyDrive/AnomalyDetection/Datamining_dataset/Test/grid_test/grid_metal_contamination/008.png,0.00939627,0.334718,2,9
/content/drive/MyDrive/AnomalyDetection/Datamining_dataset/Test/grid_test/grid_metal_contamination/001.png,0.00723939,0.42140406,2,9
/content/drive/MyDrive/AnomalyDetection/Datamining_dataset/Test/grid_test/grid_metal_contamination/004.png,0.009200567,0.37903833,2,9
/content/drive/MyDrive/AnomalyDetection/Datamining_dataset/Test/grid_test/grid_metal_contamination/010.png,0.0069606733,0.2577746,2,9
/content/drive/MyDrive/AnomalyDetection/Datamining_dataset/Test/grid_test/grid_metal_contamination/005.png,0.009100406,0.39123225,2,9
/content/drive/MyDrive/AnomalyDetection/Datamining_dataset/Test/grid_test/grid_metal_contamination/003.png,0.0077290083,0.35016465,2,9
/content/drive/MyDrive/AnomalyDetection/Datamining_dataset/Test/grid_test/grid_metal_contamination/007.png,0.0060735513,0.37380737,2,9
/content/drive/MyDrive/AnomalyDetection/Datamining_dataset/Test/grid_test/grid_thread/007.png,0.0059443694,0.43700242,2,9
/content/drive/MyDrive/AnomalyDetection/Datamining_dataset/Test/grid_test/grid_thread/009.png,0.007209642,0.36394572,2,9
/content/drive/MyDrive/AnomalyDetection/Datamining_dataset/Test/grid_test/grid_thread/010.png,0.007098876,0.41524786,2,9
/content/drive/MyDrive/AnomalyDetection/Datamining_dataset/Test/grid_test/grid_thread/008.png,0.0059152334,0.43842125,2,9
/content/drive/MyDrive/AnomalyDetection/Datamining_dataset/Test/grid_test/grid_thread/004.png,0.0050965515,0.44418544,2,9
/content/drive/MyDrive/AnomalyDetection/Datamining_dataset/Test/grid_test/grid_thread/006.png,0.00603647,0.42679417,2,9
/content/drive/MyDrive/AnomalyDetection/Datamining_dataset/Test/grid_test/grid_thread/005.png,0.0054893005,0.43922472,2,9
/content/drive/MyDrive/AnomalyDetection/Datamining_dataset/Test/grid_test/grid_thread/002.png,0.005807938,0.35692555,2,9
/content/drive/MyDrive/AnomalyDetection/Datamining_dataset/Test/grid_test/grid_thread/001.png,0.008542909,0.37744123,2,9
/content/drive/MyDrive/AnomalyDetection/Datamining_dataset/Test/grid_test/grid_thread/003.png,0.005640039,0.3975827,2,9
/content/drive/MyDrive/AnomalyDetection/Datamining_dataset/Test/grid_test/grid_thread/000.png,0.006856223,0.3645273,2,9
/content/drive/MyDrive/AnomalyDetection/Datamining_dataset/Test/screw_test/screw_manipulated_front/012.png,0.002611013,0.10193944,2,9
/content/drive/MyDrive/AnomalyDetection/Datamining_dataset/Test/screw_test/screw_manipulated_front/009.png,0.002290427,0.08943176,2,9
/content/drive/MyDrive/AnomalyDetection/Datamining_dataset/Test/screw_test/screw_manipulated_front/000.png,0.0023318448,0.09540558,2,9
/content/drive/MyDrive/AnomalyDetection/Datamining_dataset/Test/screw_test/screw_manipulated_front/011.png,0.0020256035,0.08829123,2,9
/content/drive/MyDrive/AnomalyDetection/Datamining_dataset/Test/screw_test/screw_manipulated_front/001.png,0.0024596262,0.1020813,2,9
/content/drive/MyDrive/AnomalyDetection/Datamining_dataset/Test/screw_test/screw_manipulated_front/004.png,0.002159503,0.08614177,2,9
/content/drive/MyDrive/AnomalyDetection/Datamining_dataset/Test/screw_test/screw_manipulated_front/014.png,0.0021550136,0.09590274,2,9
/content/drive/MyDrive/AnomalyDetection/Datamining_dataset/Test/screw_test/screw_manipulated_front/005.png,0.0023653943,0.10683662,2,9
/content/drive/MyDrive/AnomalyDetection/Datamining_dataset/Test/screw_test/screw_manipulated_front/021.png,0.002456014,0.09540826,2,9
/content/drive/MyDrive/AnomalyDetection/Datamining_dataset/Test/screw_test/screw_manipulated_front/007.png,0.002122911,0.08914787,2,9
/content/drive/MyDrive/AnomalyDetection/Datamining_dataset/Test/screw_test/screw_manipulated_front/010.png,0.002150403,0.10157204,2,9
/content/drive/MyDrive/AnomalyDetection/Datamining_dataset/Test/screw_test/screw_manipulated_front/023.png,0.0022919804,0.09303659,2,9
/content/drive/MyDrive/AnomalyDetection/Datamining_dataset/Test/screw_test/screw_manipulated_front/013.png,0.0022409472,0.10191959,2,9
/content/drive/MyDrive/AnomalyDetection/Datamining_dataset/Test/screw_test/screw_manipulated_front/006.png,0.002173046,0.08661765,2,9
/content/drive/MyDrive/AnomalyDetection/Datamining_dataset/Test/screw_test/screw_manipulated_front/018.png,0.0022409055,0.08912522,2,9
/content/drive/MyDrive/AnomalyDetection/Datamining_dataset/Test/screw_test/screw_manipulated_front/017.png,0.0023603204,0.09209371,2,9
/content/drive/MyDrive/AnomalyDetection/Datamining_dataset/Test/screw_test/screw_manipulated_front/019.png,0.0022271439,0.09081841,2,9
/content/drive/MyDrive/AnomalyDetection/Datamining_dataset/Test/screw_test/screw_manipulated_front/002.png,0.0025767866,0.1105575,2,9
/content/drive/MyDrive/AnomalyDetection/Datamining_dataset/Test/screw_test/screw_manipulated_front/003.png,0.0021382673,0.08698183,2,9
/content/drive/MyDrive/AnomalyDetection/Datamining_dataset/Test/screw_test/screw_manipulated_front/016.png,0.0022460334,0.10588431,2,9
/content/drive/MyDrive/AnomalyDetection/Datamining_dataset/Test/screw_test/screw_manipulated_front/008.png,0.0022771729,0.09400034,2,9
/content/drive/MyDrive/AnomalyDetection/Datamining_dataset/Test/screw_test/screw_manipulated_front/022.png,0.002488251,0.09921473,2,9
/content/drive/MyDrive/AnomalyDetection/Datamining_dataset/Test/screw_test/screw_manipulated_front/015.png,0.0019353456,0.09020001,2,9
/content/drive/MyDrive/AnomalyDetection/Datamining_dataset/Test/screw_test/screw_manipulated_front/020.png,0.0024454168,0.09180713,2,9
/content/drive/MyDrive/AnomalyDetection/Datamining_dataset/Test/screw_test/screw_scratch_head/009.png,0.0019954494,0.11171532,1,12
/content/drive/MyDrive/AnomalyDetection/Datamining_dataset/Test/screw_test/screw_scratch_head/011.png,0.0017947197,0.10430384,1,12
/content/drive/MyDrive/AnomalyDetection/Datamining_dataset/Test/screw_test/screw_scratch_head/021.png,0.0020129236,0.09281594,1,12
/content/drive/MyDrive/AnomalyDetection/Datamining_dataset/Test/screw_test/screw_scratch_head/007.png,0.0016749022,0.09433025,1,12
/content/drive/MyDrive/AnomalyDetection/Datamining_dataset/Test/screw_test/screw_scratch_head/003.png,0.002271884,0.10885745,1,12
/content/drive/MyDrive/AnomalyDetection/Datamining_dataset/Test/screw_test/screw_scratch_head/001.png,0.0019050753,0.10022074,1,12
/content/drive/MyDrive/AnomalyDetection/Datamining_dataset/Test/screw_test/screw_scratch_head/015.png,0.002088232,0.12022996,1,12
/content/drive/MyDrive/AnomalyDetection/Datamining_dataset/Test/screw_test/screw_scratch_head/017.png,0.002339614,0.11103123,1,12
/content/drive/MyDrive/AnomalyDetection/Datamining_dataset/Test/screw_test/screw_scratch_head/000.png,0.0021817295,0.11587614,1,12
/content/drive/MyDrive/AnomalyDetection/Datamining_dataset/Test/screw_test/screw_scratch_head/008.png,0.002268789,0.10594034,1,12
/content/drive/MyDrive/AnomalyDetection/Datamining_dataset/Test/screw_test/screw_scratch_head/018.png,0.0022029828,0.09454745,1,12
/content/drive/MyDrive/AnomalyDetection/Datamining_dataset/Test/screw_test/screw_scratch_head/010.png,0.0019314537,0.09860784,1,12
/content/drive/MyDrive/AnomalyDetection/Datamining_dataset/Test/screw_test/screw_scratch_head/014.png,0.0017885572,0.09977847,1,12
/content/drive/MyDrive/AnomalyDetection/Datamining_dataset/Test/screw_test/screw_scratch_head/004.png,0.0021430373,0.09334725,1,12
/content/drive/MyDrive/AnomalyDetection/Datamining_dataset/Test/screw_test/screw_scratch_head/002.png,0.0022031218,0.10438424,1,12
/content/drive/MyDrive/AnomalyDetection/Datamining_dataset/Test/screw_test/screw_scratch_head/023.png,0.001997639,0.08714509,1,12
/content/drive/MyDrive/AnomalyDetection/Datamining_dataset/Test/screw_test/screw_scratch_head/013.png,0.0019883916,0.10095978,1,12
/content/drive/MyDrive/AnomalyDetection/Datamining_dataset/Test/screw_test/screw_scratch_head/006.png,0.0019538563,0.0952794,1,12
/content/drive/MyDrive/AnomalyDetection/Datamining_dataset/Test/screw_test/screw_scratch_head/016.png,0.001821285,0.09814125,1,12
/content/drive/MyDrive/AnomalyDetection/Datamining_dataset/Test/screw_test/screw_scratch_head/022.png,0.0016694927,0.09692448,1,12
/content/drive/MyDrive/AnomalyDetection/Datamining_dataset/Test/screw_test/screw_scratch_head/020.png,0.001834927,0.09317797,1,12
/content/drive/MyDrive/AnomalyDetection/Datamining_dataset/Test/screw_test/screw_scratch_head/012.png,0.0022683642,0.11192036,1,12
/content/drive/MyDrive/AnomalyDetection/Datamining_dataset/Test/screw_test/screw_scratch_head/019.png,0.0021731106,0.0989694,1,12
/content/drive/MyDrive/AnomalyDetection/Datamining_dataset/Test/screw_test/screw_scratch_head/005.png,0.0019612068,0.09502882,1,12
/content/drive/MyDrive/AnomalyDetection/Datamining_dataset/Test/screw_test/screw_scratch_neck/002.png,0.0021672633,0.10541028,2,9
/content/drive/MyDrive/AnomalyDetection/Datamining_dataset/Test/screw_test/screw_scratch_neck/005.png,0.0018563867,0.09590715,2,9
/content/drive/MyDrive/AnomalyDetection/Datamining_dataset/Test/screw_test/screw_scratch_neck/023.png,0.002352626,0.09590453,2,9
/content/drive/MyDrive/AnomalyDetection/Datamining_dataset/Test/screw_test/screw_scratch_neck/016.png,0.0020299726,0.09728724,2,9
/content/drive/MyDrive/AnomalyDetection/Datamining_dataset/Test/screw_test/screw_scratch_neck/004.png,0.0018713049,0.09294868,2,9
/content/drive/MyDrive/AnomalyDetection/Datamining_dataset/Test/screw_test/screw_scratch_neck/024.png,0.001858573,0.09753734,2,9
/content/drive/MyDrive/AnomalyDetection/Datamining_dataset/Test/screw_test/screw_scratch_neck/007.png,0.001977266,0.0985263,2,9
/content/drive/MyDrive/AnomalyDetection/Datamining_dataset/Test/screw_test/screw_scratch_neck/021.png,0.0021694785,0.09164995,2,9
/content/drive/MyDrive/AnomalyDetection/Datamining_dataset/Test/screw_test/screw_scratch_neck/013.png,0.0019729005,0.09935451,2,9
/content/drive/MyDrive/AnomalyDetection/Datamining_dataset/Test/screw_test/screw_scratch_neck/010.png,0.002067572,0.11209327,2,9
/content/drive/MyDrive/AnomalyDetection/Datamining_dataset/Test/screw_test/screw_scratch_neck/020.png,0.002192351,0.10223085,2,9
/content/drive/MyDrive/AnomalyDetection/Datamining_dataset/Test/screw_test/screw_scratch_neck/017.png,0.0021483365,0.10637784,2,9
/content/drive/MyDrive/AnomalyDetection/Datamining_dataset/Test/screw_test/screw_scratch_neck/000.png,0.0026494842,0.08875489,2,9
/content/drive/MyDrive/AnomalyDetection/Datamining_dataset/Test/screw_test/screw_scratch_neck/014.png,0.0018910128,0.1008563,2,9
/content/drive/MyDrive/AnomalyDetection/Datamining_dataset/Test/screw_test/screw_scratch_neck/019.png,0.0019418836,0.09464961,2,9
/content/drive/MyDrive/AnomalyDetection/Datamining_dataset/Test/screw_test/screw_scratch_neck/015.png,0.0020562194,0.10049206,2,9
/content/drive/MyDrive/AnomalyDetection/Datamining_dataset/Test/screw_test/screw_scratch_neck/012.png,0.0022124175,0.1009376,2,9
/content/drive/MyDrive/AnomalyDetection/Datamining_dataset/Test/screw_test/screw_scratch_neck/009.png,0.0018332084,0.0950036,2,9
/content/drive/MyDrive/AnomalyDetection/Datamining_dataset/Test/screw_test/screw_scratch_neck/022.png,0.0022540498,0.08821589,2,9
/content/drive/MyDrive/AnomalyDetection/Datamining_dataset/Test/screw_test/screw_scratch_neck/011.png,0.0020489967,0.1044119,2,9
/content/drive/MyDrive/AnomalyDetection/Datamining_dataset/Test/screw_test/screw_scratch_neck/003.png,0.0023700607,0.10436058,2,9
/content/drive/MyDrive/AnomalyDetection/Datamining_dataset/Test/screw_test/screw_scratch_neck/018.png,0.002134289,0.0869956,2,9
/content/drive/MyDrive/AnomalyDetection/Datamining_dataset/Test/screw_test/screw_scratch_neck/001.png,0.0021969758,0.0950411,2,9
/content/drive/MyDrive/AnomalyDetection/Datamining_dataset/Test/screw_test/screw_scratch_neck/008.png,0.0017614327,0.10161203,2,9
/content/drive/MyDrive/AnomalyDetection/Datamining_dataset/Test/screw_test/screw_scratch_neck/006.png,0.0020312306,0.10145456,2,9
/content/drive/MyDrive/AnomalyDetection/Datamining_dataset/Test/screw_test/screw_good/017.png,0.0026113838,0.08312327,2,9
/content/drive/MyDrive/AnomalyDetection/Datamining_dataset/Test/screw_test/screw_good/005.png,0.0027463057,0.09598643,2,9
/content/drive/MyDrive/AnomalyDetection/Datamining_dataset/Test/screw_test/screw_good/001.png,0.0025024724,0.09023523,2,9
/content/drive/MyDrive/AnomalyDetection/Datamining_dataset/Test/screw_test/screw_good/022.png,0.0027277337,0.10050368,2,9
/content/drive/MyDrive/AnomalyDetection/Datamining_dataset/Test/screw_test/screw_good/024.png,0.002493617,0.0895198,2,9
/content/drive/MyDrive/AnomalyDetection/Datamining_dataset/Test/screw_test/screw_good/035.png,0.002690967,0.09218997,2,9
/content/drive/MyDrive/AnomalyDetection/Datamining_dataset/Test/screw_test/screw_good/009.png,0.002766935,0.10358042,2,9
/content/drive/MyDrive/AnomalyDetection/Datamining_dataset/Test/screw_test/screw_good/014.png,0.002720684,0.09612256,2,9
/content/drive/MyDrive/AnomalyDetection/Datamining_dataset/Test/screw_test/screw_good/029.png,0.0027629882,0.09958547,2,9
/content/drive/MyDrive/AnomalyDetection/Datamining_dataset/Test/screw_test/screw_good/039.png,0.0028482184,0.1029647,2,9
/content/drive/MyDrive/AnomalyDetection/Datamining_dataset/Test/screw_test/screw_good/018.png,0.0028380475,0.10489339,2,9
/content/drive/MyDrive/AnomalyDetection/Datamining_dataset/Test/screw_test/screw_good/010.png,0.0027942245,0.10477614,2,9
/content/drive/MyDrive/AnomalyDetection/Datamining_dataset/Test/screw_test/screw_good/036.png,0.00257689,0.09693068,2,9
/content/drive/MyDrive/AnomalyDetection/Datamining_dataset/Test/screw_test/screw_good/038.png,0.0026970033,0.09565711,2,9
/content/drive/MyDrive/AnomalyDetection/Datamining_dataset/Test/screw_test/screw_good/000.png,0.0026510593,0.09541053,2,9
/content/drive/MyDrive/AnomalyDetection/Datamining_dataset/Test/screw_test/screw_good/013.png,0.002701529,0.08415222,2,9
/content/drive/MyDrive/AnomalyDetection/Datamining_dataset/Test/screw_test/screw_good/023.png,0.0026540868,0.10103893,2,9
/content/drive/MyDrive/AnomalyDetection/Datamining_dataset/Test/screw_test/screw_good/037.png,0.0025749614,0.08968431,2,9
/content/drive/MyDrive/AnomalyDetection/Datamining_dataset/Test/screw_test/screw_good/006.png,0.002575272,0.08414268,2,9
/content/drive/MyDrive/AnomalyDetection/Datamining_dataset/Test/screw_test/screw_good/007.png,0.0027400765,0.09089881,2,9
/content/drive/MyDrive/AnomalyDetection/Datamining_dataset/Test/screw_test/screw_good/025.png,0.002772841,0.10057527,2,9
/content/drive/MyDrive/AnomalyDetection/Datamining_dataset/Test/screw_test/screw_good/033.png,0.0026686918,0.09102803,2,9
/content/drive/MyDrive/AnomalyDetection/Datamining_dataset/Test/screw_test/screw_good/002.png,0.0025821505,0.0856033,2,9
/content/drive/MyDrive/AnomalyDetection/Datamining_dataset/Test/screw_test/screw_good/019.png,0.0028594395,0.10202819,2,9
/content/drive/MyDrive/AnomalyDetection/Datamining_dataset/Test/screw_test/screw_good/031.png,0.0028027187,0.09844303,2,9
/content/drive/MyDrive/AnomalyDetection/Datamining_dataset/Test/screw_test/screw_good/030.png,0.0026183,0.09347123,2,9
/content/drive/MyDrive/AnomalyDetection/Datamining_dataset/Test/screw_test/screw_good/012.png,0.0025772573,0.09533495,2,9
/content/drive/MyDrive/AnomalyDetection/Datamining_dataset/Test/screw_test/screw_good/026.png,0.0026729952,0.1026116,2,9
/content/drive/MyDrive/AnomalyDetection/Datamining_dataset/Test/screw_test/screw_good/016.png,0.0025829396,0.08412713,2,9
/content/drive/MyDrive/AnomalyDetection/Datamining_dataset/Test/screw_test/screw_good/034.png,0.0026556477,0.1005109,2,9
/content/drive/MyDrive/AnomalyDetection/Datamining_dataset/Test/screw_test/screw_good/020.png,0.0025420454,0.08418816,2,9
/content/drive/MyDrive/AnomalyDetection/Datamining_dataset/Test/screw_test/screw_good/015.png,0.0027127704,0.09796333,2,9
/content/drive/MyDrive/AnomalyDetection/Datamining_dataset/Test/screw_test/screw_good/040.png,0.0027644436,0.10062265,2,9
/content/drive/MyDrive/AnomalyDetection/Datamining_dataset/Test/screw_test/screw_good/008.png,0.0027684912,0.10069841,2,9
/content/drive/MyDrive/AnomalyDetection/Datamining_dataset/Test/screw_test/screw_good/011.png,0.0025427018,0.0849638,2,9
/content/drive/MyDrive/AnomalyDetection/Datamining_dataset/Test/screw_test/screw_good/032.png,0.0024828915,0.08920068,2,9
/content/drive/MyDrive/AnomalyDetection/Datamining_dataset/Test/screw_test/screw_good/028.png,0.0025753772,0.09334105,2,9
/content/drive/MyDrive/AnomalyDetection/Datamining_dataset/Test/screw_test/screw_good/021.png,0.002579056,0.09168059,2,9
/content/drive/MyDrive/AnomalyDetection/Datamining_dataset/Test/screw_test/screw_good/004.png,0.0026536009,0.10121614,2,9
/content/drive/MyDrive/AnomalyDetection/Datamining_dataset/Test/screw_test/screw_good/003.png,0.00267878,0.08569831,2,9
/content/drive/MyDrive/AnomalyDetection/Datamining_dataset/Test/screw_test/screw_good/027.png,0.0025923564,0.08104664,2,9
/content/drive/MyDrive/AnomalyDetection/Datamining_dataset/Test/screw_test/screw_thread_side/021.png,0.0021828697,0.10128647,2,9
/content/drive/MyDrive/AnomalyDetection/Datamining_dataset/Test/screw_test/screw_thread_side/001.png,0.0019610017,0.0894866,2,9
/content/drive/MyDrive/AnomalyDetection/Datamining_dataset/Test/screw_test/screw_thread_side/014.png,0.0024194943,0.11268705,2,9
/content/drive/MyDrive/AnomalyDetection/Datamining_dataset/Test/screw_test/screw_thread_side/013.png,0.0023464647,0.10339928,2,9
/content/drive/MyDrive/AnomalyDetection/Datamining_dataset/Test/screw_test/screw_thread_side/009.png,0.0022516013,0.09295082,2,9
/content/drive/MyDrive/AnomalyDetection/Datamining_dataset/Test/screw_test/screw_thread_side/018.png,0.0022117973,0.10226721,2,9
/content/drive/MyDrive/AnomalyDetection/Datamining_dataset/Test/screw_test/screw_thread_side/016.png,0.0020619507,0.09570736,2,9
/content/drive/MyDrive/AnomalyDetection/Datamining_dataset/Test/screw_test/screw_thread_side/015.png,0.0020796051,0.09216505,2,9
/content/drive/MyDrive/AnomalyDetection/Datamining_dataset/Test/screw_test/screw_thread_side/004.png,0.0021678808,0.08805877,2,9
/content/drive/MyDrive/AnomalyDetection/Datamining_dataset/Test/screw_test/screw_thread_side/005.png,0.0022556568,0.10182929,2,9
/content/drive/MyDrive/AnomalyDetection/Datamining_dataset/Test/screw_test/screw_thread_side/008.png,0.0021686365,0.09948373,2,9
/content/drive/MyDrive/AnomalyDetection/Datamining_dataset/Test/screw_test/screw_thread_side/002.png,0.0025880884,0.11205965,2,9
/content/drive/MyDrive/AnomalyDetection/Datamining_dataset/Test/screw_test/screw_thread_side/017.png,0.0023384702,0.09844971,2,9
/content/drive/MyDrive/AnomalyDetection/Datamining_dataset/Test/screw_test/screw_thread_side/012.png,0.002068333,0.09631252,2,9
/content/drive/MyDrive/AnomalyDetection/Datamining_dataset/Test/screw_test/screw_thread_side/007.png,0.0020834587,0.10007566,2,9
/content/drive/MyDrive/AnomalyDetection/Datamining_dataset/Test/screw_test/screw_thread_side/011.png,0.0014857013,0.09878606,2,9
/content/drive/MyDrive/AnomalyDetection/Datamining_dataset/Test/screw_test/screw_thread_side/020.png,0.002245758,0.09110481,2,9
/content/drive/MyDrive/AnomalyDetection/Datamining_dataset/Test/screw_test/screw_thread_side/010.png,0.0019884338,0.08056974,2,9
/content/drive/MyDrive/AnomalyDetection/Datamining_dataset/Test/screw_test/screw_thread_side/022.png,0.0020217048,0.09372562,2,9
/content/drive/MyDrive/AnomalyDetection/Datamining_dataset/Test/screw_test/screw_thread_side/006.png,0.0022650508,0.09702235,2,9
/content/drive/MyDrive/AnomalyDetection/Datamining_dataset/Test/screw_test/screw_thread_side/003.png,0.0020194044,0.09038925,2,9
/content/drive/MyDrive/AnomalyDetection/Datamining_dataset/Test/screw_test/screw_thread_side/000.png,0.0018421119,0.11038542,2,9
/content/drive/MyDrive/AnomalyDetection/Datamining_dataset/Test/screw_test/screw_thread_side/019.png,0.0022168327,0.10386723,2,9
/content/drive/MyDrive/AnomalyDetection/Datamining_dataset/Test/screw_test/screw_thread_top/009.png,0.0020671913,0.10696107,2,9
/content/drive/MyDrive/AnomalyDetection/Datamining_dataset/Test/screw_test/screw_thread_top/002.png,0.0022509352,0.08612847,2,9
/content/drive/MyDrive/AnomalyDetection/Datamining_dataset/Test/screw_test/screw_thread_top/016.png,0.0022382403,0.09162122,2,9
/content/drive/MyDrive/AnomalyDetection/Datamining_dataset/Test/screw_test/screw_thread_top/019.png,0.0022085272,0.10759383,2,9
/content/drive/MyDrive/AnomalyDetection/Datamining_dataset/Test/screw_test/screw_thread_top/011.png,0.0021928898,0.10043764,2,9
/content/drive/MyDrive/AnomalyDetection/Datamining_dataset/Test/screw_test/screw_thread_top/000.png,0.002083619,0.09769565,2,9
/content/drive/MyDrive/AnomalyDetection/Datamining_dataset/Test/screw_test/screw_thread_top/005.png,0.0022017506,0.11127025,2,9
/content/drive/MyDrive/AnomalyDetection/Datamining_dataset/Test/screw_test/screw_thread_top/017.png,0.0019155742,0.09612674,2,9
/content/drive/MyDrive/AnomalyDetection/Datamining_dataset/Test/screw_test/screw_thread_top/013.png,0.0022523657,0.10851461,2,9
/content/drive/MyDrive/AnomalyDetection/Datamining_dataset/Test/screw_test/screw_thread_top/022.png,0.0021630537,0.09583658,2,9
/content/drive/MyDrive/AnomalyDetection/Datamining_dataset/Test/screw_test/screw_thread_top/001.png,0.002092198,0.10491443,2,9
/content/drive/MyDrive/AnomalyDetection/Datamining_dataset/Test/screw_test/screw_thread_top/007.png,0.0023793767,0.10801262,2,9
/content/drive/MyDrive/AnomalyDetection/Datamining_dataset/Test/screw_test/screw_thread_top/020.png,0.0020928073,0.10937166,2,9
/content/drive/MyDrive/AnomalyDetection/Datamining_dataset/Test/screw_test/screw_thread_top/006.png,0.0021439714,0.09832877,2,9
/content/drive/MyDrive/AnomalyDetection/Datamining_dataset/Test/screw_test/screw_thread_top/021.png,0.002315268,0.1036759,2,9
/content/drive/MyDrive/AnomalyDetection/Datamining_dataset/Test/screw_test/screw_thread_top/012.png,0.0022683511,0.10481644,2,9
/content/drive/MyDrive/AnomalyDetection/Datamining_dataset/Test/screw_test/screw_thread_top/014.png,0.0021135507,0.09929895,2,9
/content/drive/MyDrive/AnomalyDetection/Datamining_dataset/Test/screw_test/screw_thread_top/003.png,0.00221936,0.09566522,2,9
/content/drive/MyDrive/AnomalyDetection/Datamining_dataset/Test/screw_test/screw_thread_top/015.png,0.0023063277,0.10596162,2,9
/content/drive/MyDrive/AnomalyDetection/Datamining_dataset/Test/screw_test/screw_thread_top/008.png,0.0023558633,0.10852814,2,9
/content/drive/MyDrive/AnomalyDetection/Datamining_dataset/Test/screw_test/screw_thread_top/018.png,0.0022868726,0.11184686,2,9
/content/drive/MyDrive/AnomalyDetection/Datamining_dataset/Test/screw_test/screw_thread_top/010.png,0.0022346678,0.1108163,2,9
/content/drive/MyDrive/AnomalyDetection/Datamining_dataset/Test/screw_test/screw_thread_top/004.png,0.0020069869,0.08865374,2,9
/content/drive/MyDrive/AnomalyDetection/Datamining_dataset/Test/metal_nut_test/metal_nut_flip/017.png,0.0018122917,0.15339255,2,9
/content/drive/MyDrive/AnomalyDetection/Datamining_dataset/Test/metal_nut_test/metal_nut_flip/019.png,0.002457064,0.16991663,2,9
/content/drive/MyDrive/AnomalyDetection/Datamining_dataset/Test/metal_nut_test/metal_nut_flip/003.png,0.002422578,0.16811204,2,9
/content/drive/MyDrive/AnomalyDetection/Datamining_dataset/Test/metal_nut_test/metal_nut_flip/007.png,0.0027794922,0.18273765,2,9
/content/drive/MyDrive/AnomalyDetection/Datamining_dataset/Test/metal_nut_test/metal_nut_flip/020.png,0.0022492956,0.15184951,2,9
/content/drive/MyDrive/AnomalyDetection/Datamining_dataset/Test/metal_nut_test/metal_nut_flip/009.png,0.0025939688,0.17831111,2,9
/content/drive/MyDrive/AnomalyDetection/Datamining_dataset/Test/metal_nut_test/metal_nut_flip/000.png,0.0027545223,0.18722296,2,9
/content/drive/MyDrive/AnomalyDetection/Datamining_dataset/Test/metal_nut_test/metal_nut_flip/001.png,0.0027069766,0.18017977,2,9
/content/drive/MyDrive/AnomalyDetection/Datamining_dataset/Test/metal_nut_test/metal_nut_flip/005.png,0.002518889,0.17728788,2,9
/content/drive/MyDrive/AnomalyDetection/Datamining_dataset/Test/metal_nut_test/metal_nut_flip/010.png,0.0026166413,0.17451596,2,9
/content/drive/MyDrive/AnomalyDetection/Datamining_dataset/Test/metal_nut_test/metal_nut_flip/008.png,0.002606259,0.16714638,2,9
/content/drive/MyDrive/AnomalyDetection/Datamining_dataset/Test/metal_nut_test/metal_nut_flip/016.png,0.0021375965,0.1548453,2,9
/content/drive/MyDrive/AnomalyDetection/Datamining_dataset/Test/metal_nut_test/metal_nut_flip/018.png,0.0020469804,0.14274049,2,9
/content/drive/MyDrive/AnomalyDetection/Datamining_dataset/Test/metal_nut_test/metal_nut_flip/021.png,0.0022780965,0.16749835,2,9
/content/drive/MyDrive/AnomalyDetection/Datamining_dataset/Test/metal_nut_test/metal_nut_flip/012.png,0.0026088494,0.1803217,2,9
/content/drive/MyDrive/AnomalyDetection/Datamining_dataset/Test/metal_nut_test/metal_nut_flip/015.png,0.0025168308,0.17985374,2,9
/content/drive/MyDrive/AnomalyDetection/Datamining_dataset/Test/metal_nut_test/metal_nut_flip/002.png,0.0023470602,0.16416246,2,9
/content/drive/MyDrive/AnomalyDetection/Datamining_dataset/Test/metal_nut_test/metal_nut_flip/022.png,0.0019385633,0.16407138,2,9
/content/drive/MyDrive/AnomalyDetection/Datamining_dataset/Test/metal_nut_test/metal_nut_flip/011.png,0.002132633,0.15446192,2,9
/content/drive/MyDrive/AnomalyDetection/Datamining_dataset/Test/metal_nut_test/metal_nut_flip/013.png,0.0022746634,0.16933554,2,9
/content/drive/MyDrive/AnomalyDetection/Datamining_dataset/Test/metal_nut_test/metal_nut_flip/004.png,0.0029967083,0.17740315,2,9
/content/drive/MyDrive/AnomalyDetection/Datamining_dataset/Test/metal_nut_test/metal_nut_flip/006.png,0.0026581462,0.17571145,2,9
/content/drive/MyDrive/AnomalyDetection/Datamining_dataset/Test/metal_nut_test/metal_nut_flip/014.png,0.0031406682,0.17149615,2,9
/content/drive/MyDrive/AnomalyDetection/Datamining_dataset/Test/metal_nut_test/metal_nut_color/013.png,0.0029000621,0.24712396,2,9
/content/drive/MyDrive/AnomalyDetection/Datamining_dataset/Test/metal_nut_test/metal_nut_color/003.png,0.0026603164,0.2825083,2,9
/content/drive/MyDrive/AnomalyDetection/Datamining_dataset/Test/metal_nut_test/metal_nut_color/018.png,0.002519407,0.26884627,2,9
/content/drive/MyDrive/AnomalyDetection/Datamining_dataset/Test/metal_nut_test/metal_nut_color/004.png,0.0030385954,0.29444426,2,9
/content/drive/MyDrive/AnomalyDetection/Datamining_dataset/Test/metal_nut_test/metal_nut_color/019.png,0.0030755978,0.2754693,2,9
/content/drive/MyDrive/AnomalyDetection/Datamining_dataset/Test/metal_nut_test/metal_nut_color/017.png,0.0037246384,0.26674384,2,9
/content/drive/MyDrive/AnomalyDetection/Datamining_dataset/Test/metal_nut_test/metal_nut_color/007.png,0.0033769251,0.27843958,2,9
/content/drive/MyDrive/AnomalyDetection/Datamining_dataset/Test/metal_nut_test/metal_nut_color/014.png,0.0030795187,0.25651735,2,9
/content/drive/MyDrive/AnomalyDetection/Datamining_dataset/Test/metal_nut_test/metal_nut_color/015.png,0.0031417802,0.26226407,2,9
/content/drive/MyDrive/AnomalyDetection/Datamining_dataset/Test/metal_nut_test/metal_nut_color/001.png,0.0031952157,0.28256702,2,9
/content/drive/MyDrive/AnomalyDetection/Datamining_dataset/Test/metal_nut_test/metal_nut_color/005.png,0.0027951712,0.27398175,2,9
/content/drive/MyDrive/AnomalyDetection/Datamining_dataset/Test/metal_nut_test/metal_nut_color/020.png,0.0030585844,0.25692415,2,9
/content/drive/MyDrive/AnomalyDetection/Datamining_dataset/Test/metal_nut_test/metal_nut_color/000.png,0.0026404709,0.27195835,2,9
/content/drive/MyDrive/AnomalyDetection/Datamining_dataset/Test/metal_nut_test/metal_nut_color/012.png,0.003105267,0.25140458,2,9
/content/drive/MyDrive/AnomalyDetection/Datamining_dataset/Test/metal_nut_test/metal_nut_color/009.png,0.0038627265,0.28452367,2,9
/content/drive/MyDrive/AnomalyDetection/Datamining_dataset/Test/metal_nut_test/metal_nut_color/002.png,0.002897488,0.288117,2,9
/content/drive/MyDrive/AnomalyDetection/Datamining_dataset/Test/metal_nut_test/metal_nut_color/010.png,0.004253239,0.2955885,2,9
/content/drive/MyDrive/AnomalyDetection/Datamining_dataset/Test/metal_nut_test/metal_nut_color/021.png,0.0028489262,0.25247574,2,9
/content/drive/MyDrive/AnomalyDetection/Datamining_dataset/Test/metal_nut_test/metal_nut_color/011.png,0.0028321028,0.26732975,2,9
/content/drive/MyDrive/AnomalyDetection/Datamining_dataset/Test/metal_nut_test/metal_nut_color/016.png,0.0027138882,0.2656638,2,9
/content/drive/MyDrive/AnomalyDetection/Datamining_dataset/Test/metal_nut_test/metal_nut_color/006.png,0.0034389952,0.28168124,2,9
/content/drive/MyDrive/AnomalyDetection/Datamining_dataset/Test/metal_nut_test/metal_nut_color/008.png,0.003061955,0.27718568,2,9
/content/drive/MyDrive/AnomalyDetection/Datamining_dataset/Test/metal_nut_test/metal_nut_bent/012.png,0.0032390633,0.30197293,2,9
/content/drive/MyDrive/AnomalyDetection/Datamining_dataset/Test/metal_nut_test/metal_nut_bent/005.png,0.0033911478,0.31408614,2,9
/content/drive/MyDrive/AnomalyDetection/Datamining_dataset/Test/metal_nut_test/metal_nut_bent/002.png,0.0029864747,0.28547055,2,9
/content/drive/MyDrive/AnomalyDetection/Datamining_dataset/Test/metal_nut_test/metal_nut_bent/018.png,0.0031446982,0.28798008,2,9
/content/drive/MyDrive/AnomalyDetection/Datamining_dataset/Test/metal_nut_test/metal_nut_bent/010.png,0.002739689,0.28540665,2,9
/content/drive/MyDrive/AnomalyDetection/Datamining_dataset/Test/metal_nut_test/metal_nut_bent/008.png,0.0032821966,0.29728156,2,9
/content/drive/MyDrive/AnomalyDetection/Datamining_dataset/Test/metal_nut_test/metal_nut_bent/014.png,0.0034028299,0.298842,2,9
/content/drive/MyDrive/AnomalyDetection/Datamining_dataset/Test/metal_nut_test/metal_nut_bent/021.png,0.0026123922,0.27676225,2,9
/content/drive/MyDrive/AnomalyDetection/Datamining_dataset/Test/metal_nut_test/metal_nut_bent/019.png,0.0030231702,0.2945475,2,9
/content/drive/MyDrive/AnomalyDetection/Datamining_dataset/Test/metal_nut_test/metal_nut_bent/016.png,0.003029931,0.284787,2,9
/content/drive/MyDrive/AnomalyDetection/Datamining_dataset/Test/metal_nut_test/metal_nut_bent/011.png,0.0029119018,0.27853364,2,9
/content/drive/MyDrive/AnomalyDetection/Datamining_dataset/Test/metal_nut_test/metal_nut_bent/000.png,0.0028989732,0.28944033,2,9
/content/drive/MyDrive/AnomalyDetection/Datamining_dataset/Test/metal_nut_test/metal_nut_bent/009.png,0.0028181125,0.27958852,2,9
/content/drive/MyDrive/AnomalyDetection/Datamining_dataset/Test/metal_nut_test/metal_nut_bent/001.png,0.0029693993,0.29457903,2,9
/content/drive/MyDrive/AnomalyDetection/Datamining_dataset/Test/metal_nut_test/metal_nut_bent/020.png,0.0026490681,0.2634769,2,9
/content/drive/MyDrive/AnomalyDetection/Datamining_dataset/Test/metal_nut_test/metal_nut_bent/006.png,0.0031059943,0.29353458,2,9
/content/drive/MyDrive/AnomalyDetection/Datamining_dataset/Test/metal_nut_test/metal_nut_bent/003.png,0.0032381404,0.28379965,2,9
/content/drive/MyDrive/AnomalyDetection/Datamining_dataset/Test/metal_nut_test/metal_nut_bent/007.png,0.0034554924,0.30144858,2,9
/content/drive/MyDrive/AnomalyDetection/Datamining_dataset/Test/metal_nut_test/metal_nut_bent/024.png,0.0030160844,0.29418254,2,9
/content/drive/MyDrive/AnomalyDetection/Datamining_dataset/Test/metal_nut_test/metal_nut_bent/015.png,0.0030538023,0.28637153,2,9
/content/drive/MyDrive/AnomalyDetection/Datamining_dataset/Test/metal_nut_test/metal_nut_bent/023.png,0.0030584258,0.30388403,2,9
/content/drive/MyDrive/AnomalyDetection/Datamining_dataset/Test/metal_nut_test/metal_nut_bent/004.png,0.00314537,0.28628987,2,9
/content/drive/MyDrive/AnomalyDetection/Datamining_dataset/Test/metal_nut_test/metal_nut_bent/013.png,0.003142898,0.28720874,2,9
/content/drive/MyDrive/AnomalyDetection/Datamining_dataset/Test/metal_nut_test/metal_nut_bent/022.png,0.0029590677,0.28248566,2,9
/content/drive/MyDrive/AnomalyDetection/Datamining_dataset/Test/metal_nut_test/metal_nut_bent/017.png,0.0027550494,0.27314073,2,9
/content/drive/MyDrive/AnomalyDetection/Datamining_dataset/Test/metal_nut_test/metal_nut_good/002.png,0.0030427037,0.2882834,2,9
/content/drive/MyDrive/AnomalyDetection/Datamining_dataset/Test/metal_nut_test/metal_nut_good/004.png,0.0029051946,0.28996927,2,9
/content/drive/MyDrive/AnomalyDetection/Datamining_dataset/Test/metal_nut_test/metal_nut_good/019.png,0.0025236793,0.2694853,2,9
/content/drive/MyDrive/AnomalyDetection/Datamining_dataset/Test/metal_nut_test/metal_nut_good/017.png,0.002818112,0.27914292,2,9
/content/drive/MyDrive/AnomalyDetection/Datamining_dataset/Test/metal_nut_test/metal_nut_good/007.png,0.0037282873,0.28162307,2,9
/content/drive/MyDrive/AnomalyDetection/Datamining_dataset/Test/metal_nut_test/metal_nut_good/018.png,0.0026427696,0.27292377,2,9
/content/drive/MyDrive/AnomalyDetection/Datamining_dataset/Test/metal_nut_test/metal_nut_good/011.png,0.0035479916,0.29239923,2,9
/content/drive/MyDrive/AnomalyDetection/Datamining_dataset/Test/metal_nut_test/metal_nut_good/006.png,0.0035991669,0.28939182,2,9
/content/drive/MyDrive/AnomalyDetection/Datamining_dataset/Test/metal_nut_test/metal_nut_good/016.png,0.0023338497,0.25202227,2,9
/content/drive/MyDrive/AnomalyDetection/Datamining_dataset/Test/metal_nut_test/metal_nut_good/021.png,0.0024984502,0.26415873,2,9
/content/drive/MyDrive/AnomalyDetection/Datamining_dataset/Test/metal_nut_test/metal_nut_good/009.png,0.004123481,0.3082053,2,9
/content/drive/MyDrive/AnomalyDetection/Datamining_dataset/Test/metal_nut_test/metal_nut_good/012.png,0.0037587665,0.289208,2,9
/content/drive/MyDrive/AnomalyDetection/Datamining_dataset/Test/metal_nut_test/metal_nut_good/005.png,0.00338286,0.26977253,2,9
/content/drive/MyDrive/AnomalyDetection/Datamining_dataset/Test/metal_nut_test/metal_nut_good/013.png,0.0042116796,0.30596304,2,9
/content/drive/MyDrive/AnomalyDetection/Datamining_dataset/Test/metal_nut_test/metal_nut_good/010.png,0.0034548875,0.30344534,2,9
/content/drive/MyDrive/AnomalyDetection/Datamining_dataset/Test/metal_nut_test/metal_nut_good/003.png,0.0033585203,0.29263824,2,9
/content/drive/MyDrive/AnomalyDetection/Datamining_dataset/Test/metal_nut_test/metal_nut_good/001.png,0.0027322413,0.2795686,2,9
/content/drive/MyDrive/AnomalyDetection/Datamining_dataset/Test/metal_nut_test/metal_nut_good/015.png,0.0032876625,0.29972023,2,9
/content/drive/MyDrive/AnomalyDetection/Datamining_dataset/Test/metal_nut_test/metal_nut_good/020.png,0.0024351452,0.27716988,2,9
/content/drive/MyDrive/AnomalyDetection/Datamining_dataset/Test/metal_nut_test/metal_nut_good/014.png,0.0034659833,0.29010963,2,9
/content/drive/MyDrive/AnomalyDetection/Datamining_dataset/Test/metal_nut_test/metal_nut_good/000.png,0.0036927005,0.31060952,2,9
/content/drive/MyDrive/AnomalyDetection/Datamining_dataset/Test/metal_nut_test/metal_nut_good/008.png,0.0036646782,0.29345417,2,9
/content/drive/MyDrive/AnomalyDetection/Datamining_dataset/Test/metal_nut_test/metal_nut_scratch/017.png,0.0023871919,0.25321722,2,9
/content/drive/MyDrive/AnomalyDetection/Datamining_dataset/Test/metal_nut_test/metal_nut_scratch/005.png,0.0030355954,0.27024466,2,9
/content/drive/MyDrive/AnomalyDetection/Datamining_dataset/Test/metal_nut_test/metal_nut_scratch/000.png,0.0030769387,0.28950143,2,9
/content/drive/MyDrive/AnomalyDetection/Datamining_dataset/Test/metal_nut_test/metal_nut_scratch/012.png,0.0027030024,0.25267792,2,9
/content/drive/MyDrive/AnomalyDetection/Datamining_dataset/Test/metal_nut_test/metal_nut_scratch/019.png,0.0036049846,0.3021965,2,9
/content/drive/MyDrive/AnomalyDetection/Datamining_dataset/Test/metal_nut_test/metal_nut_scratch/002.png,0.0029152257,0.28312683,2,9
/content/drive/MyDrive/AnomalyDetection/Datamining_dataset/Test/metal_nut_test/metal_nut_scratch/015.png,0.0028049974,0.27607757,2,9
/content/drive/MyDrive/AnomalyDetection/Datamining_dataset/Test/metal_nut_test/metal_nut_scratch/009.png,0.0023566964,0.24433583,2,9
/content/drive/MyDrive/AnomalyDetection/Datamining_dataset/Test/metal_nut_test/metal_nut_scratch/022.png,0.0030412206,0.28616768,2,9
/content/drive/MyDrive/AnomalyDetection/Datamining_dataset/Test/metal_nut_test/metal_nut_scratch/010.png,0.0027171236,0.27200937,2,9
/content/drive/MyDrive/AnomalyDetection/Datamining_dataset/Test/metal_nut_test/metal_nut_scratch/018.png,0.0024546455,0.2533285,2,9
/content/drive/MyDrive/AnomalyDetection/Datamining_dataset/Test/metal_nut_test/metal_nut_scratch/013.png,0.0028507921,0.2790053,2,9
/content/drive/MyDrive/AnomalyDetection/Datamining_dataset/Test/metal_nut_test/metal_nut_scratch/003.png,0.0031250927,0.27807498,2,9
/content/drive/MyDrive/AnomalyDetection/Datamining_dataset/Test/metal_nut_test/metal_nut_scratch/006.png,0.0028938425,0.2914986,2,9
/content/drive/MyDrive/AnomalyDetection/Datamining_dataset/Test/metal_nut_test/metal_nut_scratch/020.png,0.0031275859,0.29919416,2,9
/content/drive/MyDrive/AnomalyDetection/Datamining_dataset/Test/metal_nut_test/metal_nut_scratch/014.png,0.0025499412,0.24327189,2,9
/content/drive/MyDrive/AnomalyDetection/Datamining_dataset/Test/metal_nut_test/metal_nut_scratch/016.png,0.002909769,0.27282596,2,9
/content/drive/MyDrive/AnomalyDetection/Datamining_dataset/Test/metal_nut_test/metal_nut_scratch/004.png,0.0028042404,0.28329843,2,9
/content/drive/MyDrive/AnomalyDetection/Datamining_dataset/Test/metal_nut_test/metal_nut_scratch/011.png,0.002956883,0.27851993,2,9
/content/drive/MyDrive/AnomalyDetection/Datamining_dataset/Test/metal_nut_test/metal_nut_scratch/001.png,0.003237959,0.28982288,2,9
/content/drive/MyDrive/AnomalyDetection/Datamining_dataset/Test/metal_nut_test/metal_nut_scratch/007.png,0.003100396,0.2798925,2,9
/content/drive/MyDrive/AnomalyDetection/Datamining_dataset/Test/metal_nut_test/metal_nut_scratch/008.png,0.0027024457,0.26737618,2,9
/content/drive/MyDrive/AnomalyDetection/Datamining_dataset/Test/metal_nut_test/metal_nut_scratch/021.png,0.0031704241,0.29386026,2,9
/content/drive/MyDrive/AnomalyDetection/Datamining_dataset/Test/transistor_test/transistor_damaged_case/004.png,0.01368158,0.2636037,2,9
/content/drive/MyDrive/AnomalyDetection/Datamining_dataset/Test/transistor_test/transistor_damaged_case/000.png,0.013135851,0.26300335,2,9
/content/drive/MyDrive/AnomalyDetection/Datamining_dataset/Test/transistor_test/transistor_damaged_case/002.png,0.013895545,0.2669707,2,9
/content/drive/MyDrive/AnomalyDetection/Datamining_dataset/Test/transistor_test/transistor_damaged_case/001.png,0.013654989,0.27718574,2,9
/content/drive/MyDrive/AnomalyDetection/Datamining_dataset/Test/transistor_test/transistor_damaged_case/005.png,0.012873818,0.2567649,2,9
/content/drive/MyDrive/AnomalyDetection/Datamining_dataset/Test/transistor_test/transistor_damaged_case/007.png,0.013484523,0.2734931,2,9
/content/drive/MyDrive/AnomalyDetection/Datamining_dataset/Test/transistor_test/transistor_damaged_case/009.png,0.014760181,0.26599497,2,9
/content/drive/MyDrive/AnomalyDetection/Datamining_dataset/Test/transistor_test/transistor_damaged_case/003.png,0.013611552,0.26758265,2,9
/content/drive/MyDrive/AnomalyDetection/Datamining_dataset/Test/transistor_test/transistor_damaged_case/008.png,0.014257987,0.29067153,2,9
/content/drive/MyDrive/AnomalyDetection/Datamining_dataset/Test/transistor_test/transistor_damaged_case/006.png,0.0128549365,0.26275873,2,9
/content/drive/MyDrive/AnomalyDetection/Datamining_dataset/Test/transistor_test/transistor_cut_lead/007.png,0.013924728,0.2617218,2,9
/content/drive/MyDrive/AnomalyDetection/Datamining_dataset/Test/transistor_test/transistor_cut_lead/002.png,0.0123363165,0.25502652,2,9
/content/drive/MyDrive/AnomalyDetection/Datamining_dataset/Test/transistor_test/transistor_cut_lead/000.png,0.012292222,0.2552364,2,9
/content/drive/MyDrive/AnomalyDetection/Datamining_dataset/Test/transistor_test/transistor_cut_lead/001.png,0.012992107,0.24910545,2,9
/content/drive/MyDrive/AnomalyDetection/Datamining_dataset/Test/transistor_test/transistor_cut_lead/006.png,0.013777393,0.2740543,2,9
/content/drive/MyDrive/AnomalyDetection/Datamining_dataset/Test/transistor_test/transistor_cut_lead/004.png,0.012158204,0.24274921,2,9
/content/drive/MyDrive/AnomalyDetection/Datamining_dataset/Test/transistor_test/transistor_cut_lead/009.png,0.013418283,0.25426888,2,9
/content/drive/MyDrive/AnomalyDetection/Datamining_dataset/Test/transistor_test/transistor_cut_lead/008.png,0.014067755,0.25861543,2,9
/content/drive/MyDrive/AnomalyDetection/Datamining_dataset/Test/transistor_test/transistor_cut_lead/005.png,0.013900597,0.25993752,2,9
/content/drive/MyDrive/AnomalyDetection/Datamining_dataset/Test/transistor_test/transistor_cut_lead/003.png,0.012094471,0.24509567,2,9
/content/drive/MyDrive/AnomalyDetection/Datamining_dataset/Test/transistor_test/transistor_bent_lead/009.png,0.013823564,0.2679966,3,6
/content/drive/MyDrive/AnomalyDetection/Datamining_dataset/Test/transistor_test/transistor_bent_lead/001.png,0.012180361,0.27641058,3,6
/content/drive/MyDrive/AnomalyDetection/Datamining_dataset/Test/transistor_test/transistor_bent_lead/005.png,0.0134563735,0.26250958,3,6
/content/drive/MyDrive/AnomalyDetection/Datamining_dataset/Test/transistor_test/transistor_bent_lead/006.png,0.014375395,0.27633196,3,6
/content/drive/MyDrive/AnomalyDetection/Datamining_dataset/Test/transistor_test/transistor_bent_lead/000.png,0.013640349,0.2780921,3,6
/content/drive/MyDrive/AnomalyDetection/Datamining_dataset/Test/transistor_test/transistor_bent_lead/002.png,0.014432014,0.275698,3,6
/content/drive/MyDrive/AnomalyDetection/Datamining_dataset/Test/transistor_test/transistor_bent_lead/007.png,0.014703368,0.2635104,3,6
/content/drive/MyDrive/AnomalyDetection/Datamining_dataset/Test/transistor_test/transistor_bent_lead/008.png,0.012972961,0.27177453,3,6
/content/drive/MyDrive/AnomalyDetection/Datamining_dataset/Test/transistor_test/transistor_bent_lead/003.png,0.012485878,0.2691515,3,6
/content/drive/MyDrive/AnomalyDetection/Datamining_dataset/Test/transistor_test/transistor_bent_lead/004.png,0.013050511,0.26112217,3,6
/content/drive/MyDrive/AnomalyDetection/Datamining_dataset/Test/transistor_test/transistor_good/036.png,0.014800776,0.27883953,2,9
/content/drive/MyDrive/AnomalyDetection/Datamining_dataset/Test/transistor_test/transistor_good/015.png,0.0133413235,0.2659225,2,9
/content/drive/MyDrive/AnomalyDetection/Datamining_dataset/Test/transistor_test/transistor_good/030.png,0.014428221,0.2731449,2,9
/content/drive/MyDrive/AnomalyDetection/Datamining_dataset/Test/transistor_test/transistor_good/037.png,0.015027708,0.274113,2,9
/content/drive/MyDrive/AnomalyDetection/Datamining_dataset/Test/transistor_test/transistor_good/035.png,0.014202413,0.276747,2,9
/content/drive/MyDrive/AnomalyDetection/Datamining_dataset/Test/transistor_test/transistor_good/026.png,0.015081073,0.28676397,2,9
/content/drive/MyDrive/AnomalyDetection/Datamining_dataset/Test/transistor_test/transistor_good/014.png,0.012305867,0.26165026,2,9
/content/drive/MyDrive/AnomalyDetection/Datamining_dataset/Test/transistor_test/transistor_good/038.png,0.014005687,0.27133036,2,9
/content/drive/MyDrive/AnomalyDetection/Datamining_dataset/Test/transistor_test/transistor_good/034.png,0.014518503,0.28502178,2,9
/content/drive/MyDrive/AnomalyDetection/Datamining_dataset/Test/transistor_test/transistor_good/011.png,0.012322317,0.25339013,2,9
/content/drive/MyDrive/AnomalyDetection/Datamining_dataset/Test/transistor_test/transistor_good/022.png,0.015617621,0.28281426,2,9
/content/drive/MyDrive/AnomalyDetection/Datamining_dataset/Test/transistor_test/transistor_good/041.png,0.016393868,0.28181428,2,9
/content/drive/MyDrive/AnomalyDetection/Datamining_dataset/Test/transistor_test/transistor_good/039.png,0.013845548,0.28324574,2,9
/content/drive/MyDrive/AnomalyDetection/Datamining_dataset/Test/transistor_test/transistor_good/033.png,0.014971179,0.2756819,2,9
/content/drive/MyDrive/AnomalyDetection/Datamining_dataset/Test/transistor_test/transistor_good/001.png,0.013381991,0.28331774,2,9
/content/drive/MyDrive/AnomalyDetection/Datamining_dataset/Test/transistor_test/transistor_good/013.png,0.012751411,0.26293278,2,9
/content/drive/MyDrive/AnomalyDetection/Datamining_dataset/Test/transistor_test/transistor_good/003.png,0.013954568,0.25682688,2,9
/content/drive/MyDrive/AnomalyDetection/Datamining_dataset/Test/transistor_test/transistor_good/009.png,0.013482767,0.26612943,2,9
/content/drive/MyDrive/AnomalyDetection/Datamining_dataset/Test/transistor_test/transistor_good/029.png,0.0137810195,0.26651734,2,9
/content/drive/MyDrive/AnomalyDetection/Datamining_dataset/Test/transistor_test/transistor_good/028.png,0.014409003,0.2815532,2,9
/content/drive/MyDrive/AnomalyDetection/Datamining_dataset/Test/transistor_test/transistor_good/002.png,0.014147527,0.27317458,2,9
/content/drive/MyDrive/AnomalyDetection/Datamining_dataset/Test/transistor_test/transistor_good/021.png,0.015353513,0.29489404,2,9
/content/drive/MyDrive/AnomalyDetection/Datamining_dataset/Test/transistor_test/transistor_good/012.png,0.013247884,0.26103204,2,9
/content/drive/MyDrive/AnomalyDetection/Datamining_dataset/Test/transistor_test/transistor_good/016.png,0.0150012,0.26504755,2,9
/content/drive/MyDrive/AnomalyDetection/Datamining_dataset/Test/transistor_test/transistor_good/007.png,0.012907711,0.2776603,2,9
/content/drive/MyDrive/AnomalyDetection/Datamining_dataset/Test/transistor_test/transistor_good/020.png,0.01468448,0.289352,2,9
/content/drive/MyDrive/AnomalyDetection/Datamining_dataset/Test/transistor_test/transistor_good/032.png,0.015209702,0.2866785,2,9
/content/drive/MyDrive/AnomalyDetection/Datamining_dataset/Test/transistor_test/transistor_good/006.png,0.012890472,0.26000708,2,9
/content/drive/MyDrive/AnomalyDetection/Datamining_dataset/Test/transistor_test/transistor_good/019.png,0.015528235,0.27848595,2,9
/content/drive/MyDrive/AnomalyDetection/Datamining_dataset/Test/transistor_test/transistor_good/040.png,0.014875457,0.2823143,2,9
/content/drive/MyDrive/AnomalyDetection/Datamining_dataset/Test/transistor_test/transistor_good/031.png,0.014276542,0.26914424,2,9
/content/drive/MyDrive/AnomalyDetection/Datamining_dataset/Test/transistor_test/transistor_good/027.png,0.014262714,0.27148128,2,9
/content/drive/MyDrive/AnomalyDetection/Datamining_dataset/Test/transistor_test/transistor_good/018.png,0.015448347,0.27159685,2,9
/content/drive/MyDrive/AnomalyDetection/Datamining_dataset/Test/transistor_test/transistor_good/023.png,0.0145619,0.27432328,2,9
/content/drive/MyDrive/AnomalyDetection/Datamining_dataset/Test/transistor_test/transistor_good/010.png,0.013393204,0.26562285,2,9
/content/drive/MyDrive/AnomalyDetection/Datamining_dataset/Test/transistor_test/transistor_good/024.png,0.016071053,0.28133535,2,9
/content/drive/MyDrive/AnomalyDetection/Datamining_dataset/Test/transistor_test/transistor_good/004.png,0.013223744,0.25527793,2,9
/content/drive/MyDrive/AnomalyDetection/Datamining_dataset/Test/transistor_test/transistor_good/008.png,0.01205106,0.28087616,2,9
/content/drive/MyDrive/AnomalyDetection/Datamining_dataset/Test/transistor_test/transistor_good/042.png,0.015237946,0.27754766,2,9
/content/drive/MyDrive/AnomalyDetection/Datamining_dataset/Test/transistor_test/transistor_good/025.png,0.017393796,0.2922395,2,9
/content/drive/MyDrive/AnomalyDetection/Datamining_dataset/Test/transistor_test/transistor_good/005.png,0.013341457,0.2522257,2,9
/content/drive/MyDrive/AnomalyDetection/Datamining_dataset/Test/transistor_test/transistor_good/000.png,0.013141964,0.262249,2,9
/content/drive/MyDrive/AnomalyDetection/Datamining_dataset/Test/transistor_test/transistor_good/017.png,0.016308786,0.26764566,2,9
