image_path,material,defect_type,true_label,predicted_rul
/content/drive/MyDrive/AnomalyDetection/Datamining_dataset/Test/cable_test/cable_bent_wire/010.png,cable_test,cable_bent_wire,1,6
/content/drive/MyDrive/AnomalyDetection/Datamining_dataset/Test/cable_test/cable_bent_wire/001.png,cable_test,cable_bent_wire,1,6
/content/drive/MyDrive/AnomalyDetection/Datamining_dataset/Test/cable_test/cable_bent_wire/008.png,cable_test,cable_bent_wire,1,6
/content/drive/MyDrive/AnomalyDetection/Datamining_dataset/Test/cable_test/cable_bent_wire/000.png,cable_test,cable_bent_wire,1,6
/content/drive/MyDrive/AnomalyDetection/Datamining_dataset/Test/cable_test/cable_bent_wire/009.png,cable_test,cable_bent_wire,1,6
/content/drive/MyDrive/AnomalyDetection/Datamining_dataset/Test/cable_test/cable_bent_wire/003.png,cable_test,cable_bent_wire,1,6
/content/drive/MyDrive/AnomalyDetection/Datamining_dataset/Test/cable_test/cable_bent_wire/012.png,cable_test,cable_bent_wire,1,6
/content/drive/MyDrive/AnomalyDetection/Datamining_dataset/Test/cable_test/cable_bent_wire/006.png,cable_test,cable_bent_wire,1,6
/content/drive/MyDrive/AnomalyDetection/Datamining_dataset/Test/cable_test/cable_bent_wire/002.png,cable_test,cable_bent_wire,1,6
/content/drive/MyDrive/AnomalyDetection/Datamining_dataset/Test/cable_test/cable_bent_wire/005.png,cable_test,cable_bent_wire,1,6
/content/drive/MyDrive/AnomalyDetection/Datamining_dataset/Test/cable_test/cable_bent_wire/004.png,cable_test,cable_bent_wire,1,6
/content/drive/MyDrive/AnomalyDetection/Datamining_dataset/Test/cable_test/cable_bent_wire/007.png,cable_test,cable_bent_wire,1,6
/content/drive/MyDrive/AnomalyDetection/Datamining_dataset/Test/cable_test/cable_bent_wire/011.png,cable_test,cable_bent_wire,1,6
/content/drive/MyDrive/AnomalyDetection/Datamining_dataset/Test/cable_test/cable_cut_inner_insulation/005.png,cable_test,cable_cut_inner_insulation,1,3
/content/drive/MyDrive/AnomalyDetection/Datamining_dataset/Test/cable_test/cable_cut_inner_insulation/011.png,cable_test,cable_cut_inner_insulation,1,3
/content/drive/MyDrive/AnomalyDetection/Datamining_dataset/Test/cable_test/cable_cut_inner_insulation/007.png,cable_test,cable_cut_inner_insulation,1,3
/content/drive/MyDrive/AnomalyDetection/Datamining_dataset/Test/cable_test/cable_cut_inner_insulation/009.png,cable_test,cable_cut_inner_insulation,1,3
/content/drive/MyDrive/AnomalyDetection/Datamining_dataset/Test/cable_test/cable_cut_inner_insulation/003.png,cable_test,cable_cut_inner_insulation,1,3
/content/drive/MyDrive/AnomalyDetection/Datamining_dataset/Test/cable_test/cable_cut_inner_insulation/010.png,cable_test,cable_cut_inner_insulation,1,3
/content/drive/MyDrive/AnomalyDetection/Datamining_dataset/Test/cable_test/cable_cut_inner_insulation/006.png,cable_test,cable_cut_inner_insulation,1,3
/content/drive/MyDrive/AnomalyDetection/Datamining_dataset/Test/cable_test/cable_cut_inner_insulation/001.png,cable_test,cable_cut_inner_insulation,1,3
/content/drive/MyDrive/AnomalyDetection/Datamining_dataset/Test/cable_test/cable_cut_inner_insulation/013.png,cable_test,cable_cut_inner_insulation,1,3
/content/drive/MyDrive/AnomalyDetection/Datamining_dataset/Test/cable_test/cable_cut_inner_insulation/008.png,cable_test,cable_cut_inner_insulation,1,3
/content/drive/MyDrive/AnomalyDetection/Datamining_dataset/Test/cable_test/cable_cut_inner_insulation/002.png,cable_test,cable_cut_inner_insulation,1,3
/content/drive/MyDrive/AnomalyDetection/Datamining_dataset/Test/cable_test/cable_cut_inner_insulation/000.png,cable_test,cable_cut_inner_insulation,1,3
/content/drive/MyDrive/AnomalyDetection/Datamining_dataset/Test/cable_test/cable_cut_inner_insulation/004.png,cable_test,cable_cut_inner_insulation,1,3
/content/drive/MyDrive/AnomalyDetection/Datamining_dataset/Test/cable_test/cable_cut_inner_insulation/012.png,cable_test,cable_cut_inner_insulation,1,3
/content/drive/MyDrive/AnomalyDetection/Datamining_dataset/Test/cable_test/cable_combined/009.png,cable_test,cable_combined,1,3
/content/drive/MyDrive/AnomalyDetection/Datamining_dataset/Test/cable_test/cable_combined/000.png,cable_test,cable_combined,1,3
/content/drive/MyDrive/AnomalyDetection/Datamining_dataset/Test/cable_test/cable_combined/010.png,cable_test,cable_combined,1,3
/content/drive/MyDrive/AnomalyDetection/Datamining_dataset/Test/cable_test/cable_combined/001.png,cable_test,cable_combined,1,3
/content/drive/MyDrive/AnomalyDetection/Datamining_dataset/Test/cable_test/cable_combined/005.png,cable_test,cable_combined,1,3
/content/drive/MyDrive/AnomalyDetection/Datamining_dataset/Test/cable_test/cable_combined/007.png,cable_test,cable_combined,1,5
/content/drive/MyDrive/AnomalyDetection/Datamining_dataset/Test/cable_test/cable_combined/006.png,cable_test,cable_combined,1,3
/content/drive/MyDrive/AnomalyDetection/Datamining_dataset/Test/cable_test/cable_combined/008.png,cable_test,cable_combined,1,3
/content/drive/MyDrive/AnomalyDetection/Datamining_dataset/Test/cable_test/cable_combined/003.png,cable_test,cable_combined,1,3
/content/drive/MyDrive/AnomalyDetection/Datamining_dataset/Test/cable_test/cable_combined/004.png,cable_test,cable_combined,1,3
/content/drive/MyDrive/AnomalyDetection/Datamining_dataset/Test/cable_test/cable_combined/002.png,cable_test,cable_combined,1,3
/content/drive/MyDrive/AnomalyDetection/Datamining_dataset/Test/cable_test/cable_cut_outer_insulation/008.png,cable_test,cable_cut_outer_insulation,1,3
/content/drive/MyDrive/AnomalyDetection/Datamining_dataset/Test/cable_test/cable_cut_outer_insulation/009.png,cable_test,cable_cut_outer_insulation,1,3
/content/drive/MyDrive/AnomalyDetection/Datamining_dataset/Test/cable_test/cable_cut_outer_insulation/007.png,cable_test,cable_cut_outer_insulation,1,3
/content/drive/MyDrive/AnomalyDetection/Datamining_dataset/Test/cable_test/cable_cut_outer_insulation/003.png,cable_test,cable_cut_outer_insulation,1,3
/content/drive/MyDrive/AnomalyDetection/Datamining_dataset/Test/cable_test/cable_cut_outer_insulation/006.png,cable_test,cable_cut_outer_insulation,1,3
/content/drive/MyDrive/AnomalyDetection/Datamining_dataset/Test/cable_test/cable_cut_outer_insulation/000.png,cable_test,cable_cut_outer_insulation,1,3
/content/drive/MyDrive/AnomalyDetection/Datamining_dataset/Test/cable_test/cable_cut_outer_insulation/002.png,cable_test,cable_cut_outer_insulation,1,3
/content/drive/MyDrive/AnomalyDetection/Datamining_dataset/Test/cable_test/cable_cut_outer_insulation/005.png,cable_test,cable_cut_outer_insulation,1,3
/content/drive/MyDrive/AnomalyDetection/Datamining_dataset/Test/cable_test/cable_cut_outer_insulation/001.png,cable_test,cable_cut_outer_insulation,1,3
/content/drive/MyDrive/AnomalyDetection/Datamining_dataset/Test/cable_test/cable_cut_outer_insulation/004.png,cable_test,cable_cut_outer_insulation,1,3
/content/drive/MyDrive/AnomalyDetection/Datamining_dataset/Test/cable_test/cable_good/050.png,cable_test,cable_good,0,15
/content/drive/MyDrive/AnomalyDetection/Datamining_dataset/Test/cable_test/cable_good/010.png,cable_test,cable_good,0,15
/content/drive/MyDrive/AnomalyDetection/Datamining_dataset/Test/cable_test/cable_good/032.png,cable_test,cable_good,0,15
/content/drive/MyDrive/AnomalyDetection/Datamining_dataset/Test/cable_test/cable_good/043.png,cable_test,cable_good,0,15
/content/drive/MyDrive/AnomalyDetection/Datamining_dataset/Test/cable_test/cable_good/028.png,cable_test,cable_good,0,15
/content/drive/MyDrive/AnomalyDetection/Datamining_dataset/Test/cable_test/cable_good/057.png,cable_test,cable_good,0,15
/content/drive/MyDrive/AnomalyDetection/Datamining_dataset/Test/cable_test/cable_good/045.png,cable_test,cable_good,0,15
/content/drive/MyDrive/AnomalyDetection/Datamining_dataset/Test/cable_test/cable_good/023.png,cable_test,cable_good,0,15
/content/drive/MyDrive/AnomalyDetection/Datamining_dataset/Test/cable_test/cable_good/020.png,cable_test,cable_good,0,15
/content/drive/MyDrive/AnomalyDetection/Datamining_dataset/Test/cable_test/cable_good/014.png,cable_test,cable_good,0,15
/content/drive/MyDrive/AnomalyDetection/Datamining_dataset/Test/cable_test/cable_good/036.png,cable_test,cable_good,0,15
/content/drive/MyDrive/AnomalyDetection/Datamining_dataset/Test/cable_test/cable_good/017.png,cable_test,cable_good,0,15
/content/drive/MyDrive/AnomalyDetection/Datamining_dataset/Test/cable_test/cable_good/013.png,cable_test,cable_good,0,15
/content/drive/MyDrive/AnomalyDetection/Datamining_dataset/Test/cable_test/cable_good/016.png,cable_test,cable_good,0,15
/content/drive/MyDrive/AnomalyDetection/Datamining_dataset/Test/cable_test/cable_good/024.png,cable_test,cable_good,0,15
/content/drive/MyDrive/AnomalyDetection/Datamining_dataset/Test/cable_test/cable_good/029.png,cable_test,cable_good,0,15
/content/drive/MyDrive/AnomalyDetection/Datamining_dataset/Test/cable_test/cable_good/038.png,cable_test,cable_good,0,15
/content/drive/MyDrive/AnomalyDetection/Datamining_dataset/Test/cable_test/cable_good/042.png,cable_test,cable_good,0,15
/content/drive/MyDrive/AnomalyDetection/Datamining_dataset/Test/cable_test/cable_good/031.png,cable_test,cable_good,0,15
/content/drive/MyDrive/AnomalyDetection/Datamining_dataset/Test/cable_test/cable_good/049.png,cable_test,cable_good,0,15
/content/drive/MyDrive/AnomalyDetection/Datamining_dataset/Test/cable_test/cable_good/026.png,cable_test,cable_good,0,15
/content/drive/MyDrive/AnomalyDetection/Datamining_dataset/Test/cable_test/cable_good/039.png,cable_test,cable_good,0,15
/content/drive/MyDrive/AnomalyDetection/Datamining_dataset/Test/cable_test/cable_good/008.png,cable_test,cable_good,0,15
/content/drive/MyDrive/AnomalyDetection/Datamining_dataset/Test/cable_test/cable_good/044.png,cable_test,cable_good,0,15
/content/drive/MyDrive/AnomalyDetection/Datamining_dataset/Test/cable_test/cable_good/056.png,cable_test,cable_good,0,15
/content/drive/MyDrive/AnomalyDetection/Datamining_dataset/Test/cable_test/cable_good/027.png,cable_test,cable_good,0,15
/content/drive/MyDrive/AnomalyDetection/Datamining_dataset/Test/cable_test/cable_good/005.png,cable_test,cable_good,0,15
/content/drive/MyDrive/AnomalyDetection/Datamining_dataset/Test/cable_test/cable_good/022.png,cable_test,cable_good,0,15
/content/drive/MyDrive/AnomalyDetection/Datamining_dataset/Test/cable_test/cable_good/035.png,cable_test,cable_good,0,15
/content/drive/MyDrive/AnomalyDetection/Datamining_dataset/Test/cable_test/cable_good/003.png,cable_test,cable_good,0,15
/content/drive/MyDrive/AnomalyDetection/Datamining_dataset/Test/cable_test/cable_good/034.png,cable_test,cable_good,0,12
/content/drive/MyDrive/AnomalyDetection/Datamining_dataset/Test/cable_test/cable_good/025.png,cable_test,cable_good,0,15
/content/drive/MyDrive/AnomalyDetection/Datamining_dataset/Test/cable_test/cable_good/018.png,cable_test,cable_good,0,15
/content/drive/MyDrive/AnomalyDetection/Datamining_dataset/Test/cable_test/cable_good/030.png,cable_test,cable_good,0,15
/content/drive/MyDrive/AnomalyDetection/Datamining_dataset/Test/cable_test/cable_good/011.png,cable_test,cable_good,0,15
/content/drive/MyDrive/AnomalyDetection/Datamining_dataset/Test/cable_test/cable_good/012.png,cable_test,cable_good,0,15
/content/drive/MyDrive/AnomalyDetection/Datamining_dataset/Test/cable_test/cable_good/019.png,cable_test,cable_good,0,15
/content/drive/MyDrive/AnomalyDetection/Datamining_dataset/Test/cable_test/cable_good/033.png,cable_test,cable_good,0,13
/content/drive/MyDrive/AnomalyDetection/Datamining_dataset/Test/cable_test/cable_good/040.png,cable_test,cable_good,0,15
/content/drive/MyDrive/AnomalyDetection/Datamining_dataset/Test/cable_test/cable_good/015.png,cable_test,cable_good,0,15
/content/drive/MyDrive/AnomalyDetection/Datamining_dataset/Test/cable_test/cable_good/054.png,cable_test,cable_good,0,15
/content/drive/MyDrive/AnomalyDetection/Datamining_dataset/Test/cable_test/cable_good/021.png,cable_test,cable_good,0,15
/content/drive/MyDrive/AnomalyDetection/Datamining_dataset/Test/cable_test/cable_good/041.png,cable_test,cable_good,0,10
/content/drive/MyDrive/AnomalyDetection/Datamining_dataset/Test/cable_test/cable_good/055.png,cable_test,cable_good,0,15
/content/drive/MyDrive/AnomalyDetection/Datamining_dataset/Test/cable_test/cable_good/047.png,cable_test,cable_good,0,15
/content/drive/MyDrive/AnomalyDetection/Datamining_dataset/Test/cable_test/cable_good/037.png,cable_test,cable_good,0,15
/content/drive/MyDrive/AnomalyDetection/Datamining_dataset/Test/cable_test/cable_good/051.png,cable_test,cable_good,0,15
/content/drive/MyDrive/AnomalyDetection/Datamining_dataset/Test/cable_test/cable_good/046.png,cable_test,cable_good,0,15
/content/drive/MyDrive/AnomalyDetection/Datamining_dataset/Test/cable_test/cable_good/052.png,cable_test,cable_good,0,15
/content/drive/MyDrive/AnomalyDetection/Datamining_dataset/Test/cable_test/cable_good/009.png,cable_test,cable_good,0,15
/content/drive/MyDrive/AnomalyDetection/Datamining_dataset/Test/cable_test/cable_good/053.png,cable_test,cable_good,0,15
/content/drive/MyDrive/AnomalyDetection/Datamining_dataset/Test/cable_test/cable_good/000.png,cable_test,cable_good,0,15
/content/drive/MyDrive/AnomalyDetection/Datamining_dataset/Test/cable_test/cable_good/048.png,cable_test,cable_good,0,15
/content/drive/MyDrive/AnomalyDetection/Datamining_dataset/Test/cable_test/cable_good/002.png,cable_test,cable_good,0,15
/content/drive/MyDrive/AnomalyDetection/Datamining_dataset/Test/cable_test/cable_good/007.png,cable_test,cable_good,0,15
/content/drive/MyDrive/AnomalyDetection/Datamining_dataset/Test/cable_test/cable_good/006.png,cable_test,cable_good,0,15
/content/drive/MyDrive/AnomalyDetection/Datamining_dataset/Test/cable_test/cable_good/001.png,cable_test,cable_good,0,15
/content/drive/MyDrive/AnomalyDetection/Datamining_dataset/Test/cable_test/cable_good/004.png,cable_test,cable_good,0,15
/content/drive/MyDrive/AnomalyDetection/Datamining_dataset/Test/cable_test/cable_poke_insulation/002.png,cable_test,cable_poke_insulation,1,10
/content/drive/MyDrive/AnomalyDetection/Datamining_dataset/Test/cable_test/cable_poke_insulation/001.png,cable_test,cable_poke_insulation,1,10
/content/drive/MyDrive/AnomalyDetection/Datamining_dataset/Test/cable_test/cable_poke_insulation/004.png,cable_test,cable_poke_insulation,1,10
/content/drive/MyDrive/AnomalyDetection/Datamining_dataset/Test/cable_test/cable_poke_insulation/006.png,cable_test,cable_poke_insulation,1,10
/content/drive/MyDrive/AnomalyDetection/Datamining_dataset/Test/cable_test/cable_poke_insulation/008.png,cable_test,cable_poke_insulation,1,10
/content/drive/MyDrive/AnomalyDetection/Datamining_dataset/Test/cable_test/cable_poke_insulation/007.png,cable_test,cable_poke_insulation,1,10
/content/drive/MyDrive/AnomalyDetection/Datamining_dataset/Test/cable_test/cable_poke_insulation/000.png,cable_test,cable_poke_insulation,1,10
/content/drive/MyDrive/AnomalyDetection/Datamining_dataset/Test/cable_test/cable_poke_insulation/009.png,cable_test,cable_poke_insulation,1,10
/content/drive/MyDrive/AnomalyDetection/Datamining_dataset/Test/cable_test/cable_poke_insulation/003.png,cable_test,cable_poke_insulation,1,10
/content/drive/MyDrive/AnomalyDetection/Datamining_dataset/Test/cable_test/cable_poke_insulation/005.png,cable_test,cable_poke_insulation,1,10
/content/drive/MyDrive/AnomalyDetection/Datamining_dataset/Test/cable_test/cable_swap/003.png,cable_test,cable_swap,1,6
/content/drive/MyDrive/AnomalyDetection/Datamining_dataset/Test/cable_test/cable_swap/006.png,cable_test,cable_swap,1,6
/content/drive/MyDrive/AnomalyDetection/Datamining_dataset/Test/cable_test/cable_swap/005.png,cable_test,cable_swap,1,6
/content/drive/MyDrive/AnomalyDetection/Datamining_dataset/Test/cable_test/cable_swap/007.png,cable_test,cable_swap,1,6
/content/drive/MyDrive/AnomalyDetection/Datamining_dataset/Test/cable_test/cable_swap/009.png,cable_test,cable_swap,1,6
/content/drive/MyDrive/AnomalyDetection/Datamining_dataset/Test/cable_test/cable_swap/004.png,cable_test,cable_swap,1,6
/content/drive/MyDrive/AnomalyDetection/Datamining_dataset/Test/cable_test/cable_swap/001.png,cable_test,cable_swap,1,6
/content/drive/MyDrive/AnomalyDetection/Datamining_dataset/Test/cable_test/cable_swap/002.png,cable_test,cable_swap,1,7
/content/drive/MyDrive/AnomalyDetection/Datamining_dataset/Test/cable_test/cable_swap/011.png,cable_test,cable_swap,1,6
/content/drive/MyDrive/AnomalyDetection/Datamining_dataset/Test/cable_test/cable_swap/008.png,cable_test,cable_swap,1,6
/content/drive/MyDrive/AnomalyDetection/Datamining_dataset/Test/cable_test/cable_swap/000.png,cable_test,cable_swap,1,6
/content/drive/MyDrive/AnomalyDetection/Datamining_dataset/Test/cable_test/cable_swap/010.png,cable_test,cable_swap,1,6
/content/drive/MyDrive/AnomalyDetection/Datamining_dataset/Test/cable_test/cable_missing_wire/006.png,cable_test,cable_missing_wire,1,1
/content/drive/MyDrive/AnomalyDetection/Datamining_dataset/Test/cable_test/cable_missing_wire/007.png,cable_test,cable_missing_wire,1,4
/content/drive/MyDrive/AnomalyDetection/Datamining_dataset/Test/cable_test/cable_missing_wire/001.png,cable_test,cable_missing_wire,1,1
/content/drive/MyDrive/AnomalyDetection/Datamining_dataset/Test/cable_test/cable_missing_wire/005.png,cable_test,cable_missing_wire,1,1
/content/drive/MyDrive/AnomalyDetection/Datamining_dataset/Test/cable_test/cable_missing_wire/000.png,cable_test,cable_missing_wire,1,1
/content/drive/MyDrive/AnomalyDetection/Datamining_dataset/Test/cable_test/cable_missing_wire/009.png,cable_test,cable_missing_wire,1,1
/content/drive/MyDrive/AnomalyDetection/Datamining_dataset/Test/cable_test/cable_missing_wire/004.png,cable_test,cable_missing_wire,1,1
/content/drive/MyDrive/AnomalyDetection/Datamining_dataset/Test/cable_test/cable_missing_wire/003.png,cable_test,cable_missing_wire,1,1
/content/drive/MyDrive/AnomalyDetection/Datamining_dataset/Test/cable_test/cable_missing_wire/002.png,cable_test,cable_missing_wire,1,1
/content/drive/MyDrive/AnomalyDetection/Datamining_dataset/Test/cable_test/cable_missing_wire/008.png,cable_test,cable_missing_wire,1,1
/content/drive/MyDrive/AnomalyDetection/Datamining_dataset/Test/cable_test/cable_missing_cable/000.png,cable_test,cable_missing_cable,1,1
/content/drive/MyDrive/AnomalyDetection/Datamining_dataset/Test/cable_test/cable_missing_cable/005.png,cable_test,cable_missing_cable,1,1
/content/drive/MyDrive/AnomalyDetection/Datamining_dataset/Test/cable_test/cable_missing_cable/010.png,cable_test,cable_missing_cable,1,1
/content/drive/MyDrive/AnomalyDetection/Datamining_dataset/Test/cable_test/cable_missing_cable/002.png,cable_test,cable_missing_cable,1,1
/content/drive/MyDrive/AnomalyDetection/Datamining_dataset/Test/cable_test/cable_missing_cable/007.png,cable_test,cable_missing_cable,1,1
/content/drive/MyDrive/AnomalyDetection/Datamining_dataset/Test/cable_test/cable_missing_cable/001.png,cable_test,cable_missing_cable,1,1
/content/drive/MyDrive/AnomalyDetection/Datamining_dataset/Test/cable_test/cable_missing_cable/011.png,cable_test,cable_missing_cable,1,1
/content/drive/MyDrive/AnomalyDetection/Datamining_dataset/Test/cable_test/cable_missing_cable/006.png,cable_test,cable_missing_cable,1,1
/content/drive/MyDrive/AnomalyDetection/Datamining_dataset/Test/cable_test/cable_missing_cable/003.png,cable_test,cable_missing_cable,1,1
/content/drive/MyDrive/AnomalyDetection/Datamining_dataset/Test/cable_test/cable_missing_cable/008.png,cable_test,cable_missing_cable,1,1
/content/drive/MyDrive/AnomalyDetection/Datamining_dataset/Test/cable_test/cable_missing_cable/009.png,cable_test,cable_missing_cable,1,1
/content/drive/MyDrive/AnomalyDetection/Datamining_dataset/Test/cable_test/cable_missing_cable/004.png,cable_test,cable_missing_cable,1,1
/content/drive/MyDrive/AnomalyDetection/Datamining_dataset/Test/grid_test/grid_good/006.png,grid_test,grid_good,0,15
/content/drive/MyDrive/AnomalyDetection/Datamining_dataset/Test/grid_test/grid_good/005.png,grid_test,grid_good,0,15
/content/drive/MyDrive/AnomalyDetection/Datamining_dataset/Test/grid_test/grid_good/020.png,grid_test,grid_good,0,15
/content/drive/MyDrive/AnomalyDetection/Datamining_dataset/Test/grid_test/grid_good/003.png,grid_test,grid_good,0,15
/content/drive/MyDrive/AnomalyDetection/Datamining_dataset/Test/grid_test/grid_good/012.png,grid_test,grid_good,0,15
/content/drive/MyDrive/AnomalyDetection/Datamining_dataset/Test/grid_test/grid_good/018.png,grid_test,grid_good,0,11
/content/drive/MyDrive/AnomalyDetection/Datamining_dataset/Test/grid_test/grid_good/009.png,grid_test,grid_good,0,15
/content/drive/MyDrive/AnomalyDetection/Datamining_dataset/Test/grid_test/grid_good/002.png,grid_test,grid_good,0,15
/content/drive/MyDrive/AnomalyDetection/Datamining_dataset/Test/grid_test/grid_good/017.png,grid_test,grid_good,0,15
/content/drive/MyDrive/AnomalyDetection/Datamining_dataset/Test/grid_test/grid_good/013.png,grid_test,grid_good,0,15
/content/drive/MyDrive/AnomalyDetection/Datamining_dataset/Test/grid_test/grid_good/014.png,grid_test,grid_good,0,15
/content/drive/MyDrive/AnomalyDetection/Datamining_dataset/Test/grid_test/grid_good/011.png,grid_test,grid_good,0,14
/content/drive/MyDrive/AnomalyDetection/Datamining_dataset/Test/grid_test/grid_good/016.png,grid_test,grid_good,0,15
/content/drive/MyDrive/AnomalyDetection/Datamining_dataset/Test/grid_test/grid_good/007.png,grid_test,grid_good,0,15
/content/drive/MyDrive/AnomalyDetection/Datamining_dataset/Test/grid_test/grid_good/010.png,grid_test,grid_good,0,15
/content/drive/MyDrive/AnomalyDetection/Datamining_dataset/Test/grid_test/grid_good/000.png,grid_test,grid_good,0,15
/content/drive/MyDrive/AnomalyDetection/Datamining_dataset/Test/grid_test/grid_good/015.png,grid_test,grid_good,0,15
/content/drive/MyDrive/AnomalyDetection/Datamining_dataset/Test/grid_test/grid_good/001.png,grid_test,grid_good,0,15
/content/drive/MyDrive/AnomalyDetection/Datamining_dataset/Test/grid_test/grid_good/008.png,grid_test,grid_good,0,15
/content/drive/MyDrive/AnomalyDetection/Datamining_dataset/Test/grid_test/grid_good/019.png,grid_test,grid_good,0,13
/content/drive/MyDrive/AnomalyDetection/Datamining_dataset/Test/grid_test/grid_good/004.png,grid_test,grid_good,0,15
/content/drive/MyDrive/AnomalyDetection/Datamining_dataset/Test/grid_test/grid_bent/003.png,grid_test,grid_bent,1,10
/content/drive/MyDrive/AnomalyDetection/Datamining_dataset/Test/grid_test/grid_bent/010.png,grid_test,grid_bent,1,10
/content/drive/MyDrive/AnomalyDetection/Datamining_dataset/Test/grid_test/grid_bent/011.png,grid_test,grid_bent,1,10
/content/drive/MyDrive/AnomalyDetection/Datamining_dataset/Test/grid_test/grid_bent/001.png,grid_test,grid_bent,1,10
/content/drive/MyDrive/AnomalyDetection/Datamining_dataset/Test/grid_test/grid_bent/005.png,grid_test,grid_bent,1,11
/content/drive/MyDrive/AnomalyDetection/Datamining_dataset/Test/grid_test/grid_bent/007.png,grid_test,grid_bent,1,10
/content/drive/MyDrive/AnomalyDetection/Datamining_dataset/Test/grid_test/grid_bent/009.png,grid_test,grid_bent,1,10
/content/drive/MyDrive/AnomalyDetection/Datamining_dataset/Test/grid_test/grid_bent/004.png,grid_test,grid_bent,1,10
/content/drive/MyDrive/AnomalyDetection/Datamining_dataset/Test/grid_test/grid_bent/000.png,grid_test,grid_bent,1,10
/content/drive/MyDrive/AnomalyDetection/Datamining_dataset/Test/grid_test/grid_bent/006.png,grid_test,grid_bent,1,10
/content/drive/MyDrive/AnomalyDetection/Datamining_dataset/Test/grid_test/grid_bent/008.png,grid_test,grid_bent,1,10
/content/drive/MyDrive/AnomalyDetection/Datamining_dataset/Test/grid_test/grid_bent/002.png,grid_test,grid_bent,1,10
/content/drive/MyDrive/AnomalyDetection/Datamining_dataset/Test/grid_test/grid_glue/009.png,grid_test,grid_glue,1,10
/content/drive/MyDrive/AnomalyDetection/Datamining_dataset/Test/grid_test/grid_glue/007.png,grid_test,grid_glue,1,10
/content/drive/MyDrive/AnomalyDetection/Datamining_dataset/Test/grid_test/grid_glue/008.png,grid_test,grid_glue,1,10
/content/drive/MyDrive/AnomalyDetection/Datamining_dataset/Test/grid_test/grid_glue/010.png,grid_test,grid_glue,1,10
/content/drive/MyDrive/AnomalyDetection/Datamining_dataset/Test/grid_test/grid_glue/004.png,grid_test,grid_glue,1,10
/content/drive/MyDrive/AnomalyDetection/Datamining_dataset/Test/grid_test/grid_glue/003.png,grid_test,grid_glue,1,10
/content/drive/MyDrive/AnomalyDetection/Datamining_dataset/Test/grid_test/grid_glue/006.png,grid_test,grid_glue,1,10
/content/drive/MyDrive/AnomalyDetection/Datamining_dataset/Test/grid_test/grid_glue/002.png,grid_test,grid_glue,1,10
/content/drive/MyDrive/AnomalyDetection/Datamining_dataset/Test/grid_test/grid_glue/001.png,grid_test,grid_glue,1,10
/content/drive/MyDrive/AnomalyDetection/Datamining_dataset/Test/grid_test/grid_glue/000.png,grid_test,grid_glue,1,10
/content/drive/MyDrive/AnomalyDetection/Datamining_dataset/Test/grid_test/grid_glue/005.png,grid_test,grid_glue,1,10
/content/drive/MyDrive/AnomalyDetection/Datamining_dataset/Test/grid_test/grid_broken/007.png,grid_test,grid_broken,1,3
/content/drive/MyDrive/AnomalyDetection/Datamining_dataset/Test/grid_test/grid_broken/006.png,grid_test,grid_broken,1,3
/content/drive/MyDrive/AnomalyDetection/Datamining_dataset/Test/grid_test/grid_broken/001.png,grid_test,grid_broken,1,3
/content/drive/MyDrive/AnomalyDetection/Datamining_dataset/Test/grid_test/grid_broken/011.png,grid_test,grid_broken,1,3
/content/drive/MyDrive/AnomalyDetection/Datamining_dataset/Test/grid_test/grid_broken/000.png,grid_test,grid_broken,1,3
/content/drive/MyDrive/AnomalyDetection/Datamining_dataset/Test/grid_test/grid_broken/008.png,grid_test,grid_broken,1,3
/content/drive/MyDrive/AnomalyDetection/Datamining_dataset/Test/grid_test/grid_broken/010.png,grid_test,grid_broken,1,3
/content/drive/MyDrive/AnomalyDetection/Datamining_dataset/Test/grid_test/grid_broken/005.png,grid_test,grid_broken,1,3
/content/drive/MyDrive/AnomalyDetection/Datamining_dataset/Test/grid_test/grid_broken/009.png,grid_test,grid_broken,1,3
/content/drive/MyDrive/AnomalyDetection/Datamining_dataset/Test/grid_test/grid_broken/004.png,grid_test,grid_broken,1,3
/content/drive/MyDrive/AnomalyDetection/Datamining_dataset/Test/grid_test/grid_broken/002.png,grid_test,grid_broken,1,3
/content/drive/MyDrive/AnomalyDetection/Datamining_dataset/Test/grid_test/grid_broken/003.png,grid_test,grid_broken,1,3
/content/drive/MyDrive/AnomalyDetection/Datamining_dataset/Test/grid_test/grid_metal_contamination/000.png,grid_test,grid_metal_contamination,1,6
/content/drive/MyDrive/AnomalyDetection/Datamining_dataset/Test/grid_test/grid_metal_contamination/006.png,grid_test,grid_metal_contamination,1,6
/content/drive/MyDrive/AnomalyDetection/Datamining_dataset/Test/grid_test/grid_metal_contamination/002.png,grid_test,grid_metal_contamination,1,6
/content/drive/MyDrive/AnomalyDetection/Datamining_dataset/Test/grid_test/grid_metal_contamination/009.png,grid_test,grid_metal_contamination,1,6
/content/drive/MyDrive/AnomalyDetection/Datamining_dataset/Test/grid_test/grid_metal_contamination/008.png,grid_test,grid_metal_contamination,1,6
/content/drive/MyDrive/AnomalyDetection/Datamining_dataset/Test/grid_test/grid_metal_contamination/001.png,grid_test,grid_metal_contamination,1,6
/content/drive/MyDrive/AnomalyDetection/Datamining_dataset/Test/grid_test/grid_metal_contamination/004.png,grid_test,grid_metal_contamination,1,6
/content/drive/MyDrive/AnomalyDetection/Datamining_dataset/Test/grid_test/grid_metal_contamination/010.png,grid_test,grid_metal_contamination,1,6
/content/drive/MyDrive/AnomalyDetection/Datamining_dataset/Test/grid_test/grid_metal_contamination/005.png,grid_test,grid_metal_contamination,1,6
/content/drive/MyDrive/AnomalyDetection/Datamining_dataset/Test/grid_test/grid_metal_contamination/003.png,grid_test,grid_metal_contamination,1,6
/content/drive/MyDrive/AnomalyDetection/Datamining_dataset/Test/grid_test/grid_metal_contamination/007.png,grid_test,grid_metal_contamination,1,7
/content/drive/MyDrive/AnomalyDetection/Datamining_dataset/Test/grid_test/grid_thread/007.png,grid_test,grid_thread,1,10
/content/drive/MyDrive/AnomalyDetection/Datamining_dataset/Test/grid_test/grid_thread/009.png,grid_test,grid_thread,1,10
/content/drive/MyDrive/AnomalyDetection/Datamining_dataset/Test/grid_test/grid_thread/010.png,grid_test,grid_thread,1,10
/content/drive/MyDrive/AnomalyDetection/Datamining_dataset/Test/grid_test/grid_thread/008.png,grid_test,grid_thread,1,10
/content/drive/MyDrive/AnomalyDetection/Datamining_dataset/Test/grid_test/grid_thread/004.png,grid_test,grid_thread,1,10
/content/drive/MyDrive/AnomalyDetection/Datamining_dataset/Test/grid_test/grid_thread/006.png,grid_test,grid_thread,1,10
/content/drive/MyDrive/AnomalyDetection/Datamining_dataset/Test/grid_test/grid_thread/005.png,grid_test,grid_thread,1,10
/content/drive/MyDrive/AnomalyDetection/Datamining_dataset/Test/grid_test/grid_thread/002.png,grid_test,grid_thread,1,10
/content/drive/MyDrive/AnomalyDetection/Datamining_dataset/Test/grid_test/grid_thread/001.png,grid_test,grid_thread,1,10
/content/drive/MyDrive/AnomalyDetection/Datamining_dataset/Test/grid_test/grid_thread/003.png,grid_test,grid_thread,1,10
/content/drive/MyDrive/AnomalyDetection/Datamining_dataset/Test/grid_test/grid_thread/000.png,grid_test,grid_thread,1,10
/content/drive/MyDrive/AnomalyDetection/Datamining_dataset/Test/screw_test/screw_manipulated_front/012.png,screw_test,screw_manipulated_front,1,6
/content/drive/MyDrive/AnomalyDetection/Datamining_dataset/Test/screw_test/screw_manipulated_front/009.png,screw_test,screw_manipulated_front,1,6
/content/drive/MyDrive/AnomalyDetection/Datamining_dataset/Test/screw_test/screw_manipulated_front/000.png,screw_test,screw_manipulated_front,1,6
/content/drive/MyDrive/AnomalyDetection/Datamining_dataset/Test/screw_test/screw_manipulated_front/011.png,screw_test,screw_manipulated_front,1,6
/content/drive/MyDrive/AnomalyDetection/Datamining_dataset/Test/screw_test/screw_manipulated_front/001.png,screw_test,screw_manipulated_front,1,6
/content/drive/MyDrive/AnomalyDetection/Datamining_dataset/Test/screw_test/screw_manipulated_front/004.png,screw_test,screw_manipulated_front,1,6
/content/drive/MyDrive/AnomalyDetection/Datamining_dataset/Test/screw_test/screw_manipulated_front/014.png,screw_test,screw_manipulated_front,1,6
/content/drive/MyDrive/AnomalyDetection/Datamining_dataset/Test/screw_test/screw_manipulated_front/005.png,screw_test,screw_manipulated_front,1,6
/content/drive/MyDrive/AnomalyDetection/Datamining_dataset/Test/screw_test/screw_manipulated_front/021.png,screw_test,screw_manipulated_front,1,6
/content/drive/MyDrive/AnomalyDetection/Datamining_dataset/Test/screw_test/screw_manipulated_front/007.png,screw_test,screw_manipulated_front,1,6
/content/drive/MyDrive/AnomalyDetection/Datamining_dataset/Test/screw_test/screw_manipulated_front/010.png,screw_test,screw_manipulated_front,1,6
/content/drive/MyDrive/AnomalyDetection/Datamining_dataset/Test/screw_test/screw_manipulated_front/023.png,screw_test,screw_manipulated_front,1,6
/content/drive/MyDrive/AnomalyDetection/Datamining_dataset/Test/screw_test/screw_manipulated_front/013.png,screw_test,screw_manipulated_front,1,6
/content/drive/MyDrive/AnomalyDetection/Datamining_dataset/Test/screw_test/screw_manipulated_front/006.png,screw_test,screw_manipulated_front,1,6
/content/drive/MyDrive/AnomalyDetection/Datamining_dataset/Test/screw_test/screw_manipulated_front/018.png,screw_test,screw_manipulated_front,1,6
/content/drive/MyDrive/AnomalyDetection/Datamining_dataset/Test/screw_test/screw_manipulated_front/017.png,screw_test,screw_manipulated_front,1,6
/content/drive/MyDrive/AnomalyDetection/Datamining_dataset/Test/screw_test/screw_manipulated_front/019.png,screw_test,screw_manipulated_front,1,6
/content/drive/MyDrive/AnomalyDetection/Datamining_dataset/Test/screw_test/screw_manipulated_front/002.png,screw_test,screw_manipulated_front,1,6
/content/drive/MyDrive/AnomalyDetection/Datamining_dataset/Test/screw_test/screw_manipulated_front/003.png,screw_test,screw_manipulated_front,1,6
/content/drive/MyDrive/AnomalyDetection/Datamining_dataset/Test/screw_test/screw_manipulated_front/016.png,screw_test,screw_manipulated_front,1,6
/content/drive/MyDrive/AnomalyDetection/Datamining_dataset/Test/screw_test/screw_manipulated_front/008.png,screw_test,screw_manipulated_front,1,6
/content/drive/MyDrive/AnomalyDetection/Datamining_dataset/Test/screw_test/screw_manipulated_front/022.png,screw_test,screw_manipulated_front,1,6
/content/drive/MyDrive/AnomalyDetection/Datamining_dataset/Test/screw_test/screw_manipulated_front/015.png,screw_test,screw_manipulated_front,1,8
/content/drive/MyDrive/AnomalyDetection/Datamining_dataset/Test/screw_test/screw_manipulated_front/020.png,screw_test,screw_manipulated_front,1,6
/content/drive/MyDrive/AnomalyDetection/Datamining_dataset/Test/screw_test/screw_scratch_head/009.png,screw_test,screw_scratch_head,1,10
/content/drive/MyDrive/AnomalyDetection/Datamining_dataset/Test/screw_test/screw_scratch_head/011.png,screw_test,screw_scratch_head,1,10
/content/drive/MyDrive/AnomalyDetection/Datamining_dataset/Test/screw_test/screw_scratch_head/021.png,screw_test,screw_scratch_head,1,10
/content/drive/MyDrive/AnomalyDetection/Datamining_dataset/Test/screw_test/screw_scratch_head/007.png,screw_test,screw_scratch_head,1,10
/content/drive/MyDrive/AnomalyDetection/Datamining_dataset/Test/screw_test/screw_scratch_head/003.png,screw_test,screw_scratch_head,1,10
/content/drive/MyDrive/AnomalyDetection/Datamining_dataset/Test/screw_test/screw_scratch_head/001.png,screw_test,screw_scratch_head,1,10
/content/drive/MyDrive/AnomalyDetection/Datamining_dataset/Test/screw_test/screw_scratch_head/015.png,screw_test,screw_scratch_head,1,10
/content/drive/MyDrive/AnomalyDetection/Datamining_dataset/Test/screw_test/screw_scratch_head/017.png,screw_test,screw_scratch_head,1,10
/content/drive/MyDrive/AnomalyDetection/Datamining_dataset/Test/screw_test/screw_scratch_head/000.png,screw_test,screw_scratch_head,1,10
/content/drive/MyDrive/AnomalyDetection/Datamining_dataset/Test/screw_test/screw_scratch_head/008.png,screw_test,screw_scratch_head,1,10
/content/drive/MyDrive/AnomalyDetection/Datamining_dataset/Test/screw_test/screw_scratch_head/018.png,screw_test,screw_scratch_head,1,10
/content/drive/MyDrive/AnomalyDetection/Datamining_dataset/Test/screw_test/screw_scratch_head/010.png,screw_test,screw_scratch_head,1,10
/content/drive/MyDrive/AnomalyDetection/Datamining_dataset/Test/screw_test/screw_scratch_head/014.png,screw_test,screw_scratch_head,1,10
/content/drive/MyDrive/AnomalyDetection/Datamining_dataset/Test/screw_test/screw_scratch_head/004.png,screw_test,screw_scratch_head,1,10
/content/drive/MyDrive/AnomalyDetection/Datamining_dataset/Test/screw_test/screw_scratch_head/002.png,screw_test,screw_scratch_head,1,10
/content/drive/MyDrive/AnomalyDetection/Datamining_dataset/Test/screw_test/screw_scratch_head/023.png,screw_test,screw_scratch_head,1,10
/content/drive/MyDrive/AnomalyDetection/Datamining_dataset/Test/screw_test/screw_scratch_head/013.png,screw_test,screw_scratch_head,1,10
/content/drive/MyDrive/AnomalyDetection/Datamining_dataset/Test/screw_test/screw_scratch_head/006.png,screw_test,screw_scratch_head,1,10
/content/drive/MyDrive/AnomalyDetection/Datamining_dataset/Test/screw_test/screw_scratch_head/016.png,screw_test,screw_scratch_head,1,10
/content/drive/MyDrive/AnomalyDetection/Datamining_dataset/Test/screw_test/screw_scratch_head/022.png,screw_test,screw_scratch_head,1,10
/content/drive/MyDrive/AnomalyDetection/Datamining_dataset/Test/screw_test/screw_scratch_head/020.png,screw_test,screw_scratch_head,1,10
/content/drive/MyDrive/AnomalyDetection/Datamining_dataset/Test/screw_test/screw_scratch_head/012.png,screw_test,screw_scratch_head,1,10
/content/drive/MyDrive/AnomalyDetection/Datamining_dataset/Test/screw_test/screw_scratch_head/019.png,screw_test,screw_scratch_head,1,10
/content/drive/MyDrive/AnomalyDetection/Datamining_dataset/Test/screw_test/screw_scratch_head/005.png,screw_test,screw_scratch_head,1,10
/content/drive/MyDrive/AnomalyDetection/Datamining_dataset/Test/screw_test/screw_scratch_neck/002.png,screw_test,screw_scratch_neck,1,10
/content/drive/MyDrive/AnomalyDetection/Datamining_dataset/Test/screw_test/screw_scratch_neck/005.png,screw_test,screw_scratch_neck,1,10
/content/drive/MyDrive/AnomalyDetection/Datamining_dataset/Test/screw_test/screw_scratch_neck/023.png,screw_test,screw_scratch_neck,1,10
/content/drive/MyDrive/AnomalyDetection/Datamining_dataset/Test/screw_test/screw_scratch_neck/016.png,screw_test,screw_scratch_neck,1,10
/content/drive/MyDrive/AnomalyDetection/Datamining_dataset/Test/screw_test/screw_scratch_neck/004.png,screw_test,screw_scratch_neck,1,10
/content/drive/MyDrive/AnomalyDetection/Datamining_dataset/Test/screw_test/screw_scratch_neck/024.png,screw_test,screw_scratch_neck,1,10
/content/drive/MyDrive/AnomalyDetection/Datamining_dataset/Test/screw_test/screw_scratch_neck/007.png,screw_test,screw_scratch_neck,1,10
/content/drive/MyDrive/AnomalyDetection/Datamining_dataset/Test/screw_test/screw_scratch_neck/021.png,screw_test,screw_scratch_neck,1,10
/content/drive/MyDrive/AnomalyDetection/Datamining_dataset/Test/screw_test/screw_scratch_neck/013.png,screw_test,screw_scratch_neck,1,10
/content/drive/MyDrive/AnomalyDetection/Datamining_dataset/Test/screw_test/screw_scratch_neck/010.png,screw_test,screw_scratch_neck,1,10
/content/drive/MyDrive/AnomalyDetection/Datamining_dataset/Test/screw_test/screw_scratch_neck/020.png,screw_test,screw_scratch_neck,1,10
/content/drive/MyDrive/AnomalyDetection/Datamining_dataset/Test/screw_test/screw_scratch_neck/017.png,screw_test,screw_scratch_neck,1,10
/content/drive/MyDrive/AnomalyDetection/Datamining_dataset/Test/screw_test/screw_scratch_neck/000.png,screw_test,screw_scratch_neck,1,10
/content/drive/MyDrive/AnomalyDetection/Datamining_dataset/Test/screw_test/screw_scratch_neck/014.png,screw_test,screw_scratch_neck,1,10
/content/drive/MyDrive/AnomalyDetection/Datamining_dataset/Test/screw_test/screw_scratch_neck/019.png,screw_test,screw_scratch_neck,1,10
/content/drive/MyDrive/AnomalyDetection/Datamining_dataset/Test/screw_test/screw_scratch_neck/015.png,screw_test,screw_scratch_neck,1,10
/content/drive/MyDrive/AnomalyDetection/Datamining_dataset/Test/screw_test/screw_scratch_neck/012.png,screw_test,screw_scratch_neck,1,10
/content/drive/MyDrive/AnomalyDetection/Datamining_dataset/Test/screw_test/screw_scratch_neck/009.png,screw_test,screw_scratch_neck,1,10
/content/drive/MyDrive/AnomalyDetection/Datamining_dataset/Test/screw_test/screw_scratch_neck/022.png,screw_test,screw_scratch_neck,1,10
/content/drive/MyDrive/AnomalyDetection/Datamining_dataset/Test/screw_test/screw_scratch_neck/011.png,screw_test,screw_scratch_neck,1,10
/content/drive/MyDrive/AnomalyDetection/Datamining_dataset/Test/screw_test/screw_scratch_neck/003.png,screw_test,screw_scratch_neck,1,10
/content/drive/MyDrive/AnomalyDetection/Datamining_dataset/Test/screw_test/screw_scratch_neck/018.png,screw_test,screw_scratch_neck,1,10
/content/drive/MyDrive/AnomalyDetection/Datamining_dataset/Test/screw_test/screw_scratch_neck/001.png,screw_test,screw_scratch_neck,1,10
/content/drive/MyDrive/AnomalyDetection/Datamining_dataset/Test/screw_test/screw_scratch_neck/008.png,screw_test,screw_scratch_neck,1,10
/content/drive/MyDrive/AnomalyDetection/Datamining_dataset/Test/screw_test/screw_scratch_neck/006.png,screw_test,screw_scratch_neck,1,10
/content/drive/MyDrive/AnomalyDetection/Datamining_dataset/Test/screw_test/screw_good/017.png,screw_test,screw_good,0,15
/content/drive/MyDrive/AnomalyDetection/Datamining_dataset/Test/screw_test/screw_good/005.png,screw_test,screw_good,0,15
/content/drive/MyDrive/AnomalyDetection/Datamining_dataset/Test/screw_test/screw_good/001.png,screw_test,screw_good,0,15
/content/drive/MyDrive/AnomalyDetection/Datamining_dataset/Test/screw_test/screw_good/022.png,screw_test,screw_good,0,15
/content/drive/MyDrive/AnomalyDetection/Datamining_dataset/Test/screw_test/screw_good/024.png,screw_test,screw_good,0,15
/content/drive/MyDrive/AnomalyDetection/Datamining_dataset/Test/screw_test/screw_good/035.png,screw_test,screw_good,0,15
/content/drive/MyDrive/AnomalyDetection/Datamining_dataset/Test/screw_test/screw_good/009.png,screw_test,screw_good,0,15
/content/drive/MyDrive/AnomalyDetection/Datamining_dataset/Test/screw_test/screw_good/014.png,screw_test,screw_good,0,15
/content/drive/MyDrive/AnomalyDetection/Datamining_dataset/Test/screw_test/screw_good/029.png,screw_test,screw_good,0,15
/content/drive/MyDrive/AnomalyDetection/Datamining_dataset/Test/screw_test/screw_good/039.png,screw_test,screw_good,0,14
/content/drive/MyDrive/AnomalyDetection/Datamining_dataset/Test/screw_test/screw_good/018.png,screw_test,screw_good,0,14
/content/drive/MyDrive/AnomalyDetection/Datamining_dataset/Test/screw_test/screw_good/010.png,screw_test,screw_good,0,15
/content/drive/MyDrive/AnomalyDetection/Datamining_dataset/Test/screw_test/screw_good/036.png,screw_test,screw_good,0,15
/content/drive/MyDrive/AnomalyDetection/Datamining_dataset/Test/screw_test/screw_good/038.png,screw_test,screw_good,0,15
/content/drive/MyDrive/AnomalyDetection/Datamining_dataset/Test/screw_test/screw_good/000.png,screw_test,screw_good,0,15
/content/drive/MyDrive/AnomalyDetection/Datamining_dataset/Test/screw_test/screw_good/013.png,screw_test,screw_good,0,15
/content/drive/MyDrive/AnomalyDetection/Datamining_dataset/Test/screw_test/screw_good/023.png,screw_test,screw_good,0,15
/content/drive/MyDrive/AnomalyDetection/Datamining_dataset/Test/screw_test/screw_good/037.png,screw_test,screw_good,0,15
/content/drive/MyDrive/AnomalyDetection/Datamining_dataset/Test/screw_test/screw_good/006.png,screw_test,screw_good,0,15
/content/drive/MyDrive/AnomalyDetection/Datamining_dataset/Test/screw_test/screw_good/007.png,screw_test,screw_good,0,15
/content/drive/MyDrive/AnomalyDetection/Datamining_dataset/Test/screw_test/screw_good/025.png,screw_test,screw_good,0,15
/content/drive/MyDrive/AnomalyDetection/Datamining_dataset/Test/screw_test/screw_good/033.png,screw_test,screw_good,0,15
/content/drive/MyDrive/AnomalyDetection/Datamining_dataset/Test/screw_test/screw_good/002.png,screw_test,screw_good,0,15
/content/drive/MyDrive/AnomalyDetection/Datamining_dataset/Test/screw_test/screw_good/019.png,screw_test,screw_good,0,14
/content/drive/MyDrive/AnomalyDetection/Datamining_dataset/Test/screw_test/screw_good/031.png,screw_test,screw_good,0,15
/content/drive/MyDrive/AnomalyDetection/Datamining_dataset/Test/screw_test/screw_good/030.png,screw_test,screw_good,0,15
/content/drive/MyDrive/AnomalyDetection/Datamining_dataset/Test/screw_test/screw_good/012.png,screw_test,screw_good,0,15
/content/drive/MyDrive/AnomalyDetection/Datamining_dataset/Test/screw_test/screw_good/026.png,screw_test,screw_good,0,15
/content/drive/MyDrive/AnomalyDetection/Datamining_dataset/Test/screw_test/screw_good/016.png,screw_test,screw_good,0,15
/content/drive/MyDrive/AnomalyDetection/Datamining_dataset/Test/screw_test/screw_good/034.png,screw_test,screw_good,0,15
/content/drive/MyDrive/AnomalyDetection/Datamining_dataset/Test/screw_test/screw_good/020.png,screw_test,screw_good,0,15
/content/drive/MyDrive/AnomalyDetection/Datamining_dataset/Test/screw_test/screw_good/015.png,screw_test,screw_good,0,15
/content/drive/MyDrive/AnomalyDetection/Datamining_dataset/Test/screw_test/screw_good/040.png,screw_test,screw_good,0,15
/content/drive/MyDrive/AnomalyDetection/Datamining_dataset/Test/screw_test/screw_good/008.png,screw_test,screw_good,0,15
/content/drive/MyDrive/AnomalyDetection/Datamining_dataset/Test/screw_test/screw_good/011.png,screw_test,screw_good,0,15
/content/drive/MyDrive/AnomalyDetection/Datamining_dataset/Test/screw_test/screw_good/032.png,screw_test,screw_good,0,15
/content/drive/MyDrive/AnomalyDetection/Datamining_dataset/Test/screw_test/screw_good/028.png,screw_test,screw_good,0,15
/content/drive/MyDrive/AnomalyDetection/Datamining_dataset/Test/screw_test/screw_good/021.png,screw_test,screw_good,0,15
/content/drive/MyDrive/AnomalyDetection/Datamining_dataset/Test/screw_test/screw_good/004.png,screw_test,screw_good,0,15
/content/drive/MyDrive/AnomalyDetection/Datamining_dataset/Test/screw_test/screw_good/003.png,screw_test,screw_good,0,15
/content/drive/MyDrive/AnomalyDetection/Datamining_dataset/Test/screw_test/screw_good/027.png,screw_test,screw_good,0,15
/content/drive/MyDrive/AnomalyDetection/Datamining_dataset/Test/screw_test/screw_thread_side/021.png,screw_test,screw_thread_side,1,6
/content/drive/MyDrive/AnomalyDetection/Datamining_dataset/Test/screw_test/screw_thread_side/001.png,screw_test,screw_thread_side,1,6
/content/drive/MyDrive/AnomalyDetection/Datamining_dataset/Test/screw_test/screw_thread_side/014.png,screw_test,screw_thread_side,1,6
/content/drive/MyDrive/AnomalyDetection/Datamining_dataset/Test/screw_test/screw_thread_side/013.png,screw_test,screw_thread_side,1,6
/content/drive/MyDrive/AnomalyDetection/Datamining_dataset/Test/screw_test/screw_thread_side/009.png,screw_test,screw_thread_side,1,6
/content/drive/MyDrive/AnomalyDetection/Datamining_dataset/Test/screw_test/screw_thread_side/018.png,screw_test,screw_thread_side,1,6
/content/drive/MyDrive/AnomalyDetection/Datamining_dataset/Test/screw_test/screw_thread_side/016.png,screw_test,screw_thread_side,1,6
/content/drive/MyDrive/AnomalyDetection/Datamining_dataset/Test/screw_test/screw_thread_side/015.png,screw_test,screw_thread_side,1,6
/content/drive/MyDrive/AnomalyDetection/Datamining_dataset/Test/screw_test/screw_thread_side/004.png,screw_test,screw_thread_side,1,6
/content/drive/MyDrive/AnomalyDetection/Datamining_dataset/Test/screw_test/screw_thread_side/005.png,screw_test,screw_thread_side,1,6
/content/drive/MyDrive/AnomalyDetection/Datamining_dataset/Test/screw_test/screw_thread_side/008.png,screw_test,screw_thread_side,1,6
/content/drive/MyDrive/AnomalyDetection/Datamining_dataset/Test/screw_test/screw_thread_side/002.png,screw_test,screw_thread_side,1,6
/content/drive/MyDrive/AnomalyDetection/Datamining_dataset/Test/screw_test/screw_thread_side/017.png,screw_test,screw_thread_side,1,6
/content/drive/MyDrive/AnomalyDetection/Datamining_dataset/Test/screw_test/screw_thread_side/012.png,screw_test,screw_thread_side,1,6
/content/drive/MyDrive/AnomalyDetection/Datamining_dataset/Test/screw_test/screw_thread_side/007.png,screw_test,screw_thread_side,1,6
/content/drive/MyDrive/AnomalyDetection/Datamining_dataset/Test/screw_test/screw_thread_side/011.png,screw_test,screw_thread_side,1,14
/content/drive/MyDrive/AnomalyDetection/Datamining_dataset/Test/screw_test/screw_thread_side/020.png,screw_test,screw_thread_side,1,6
/content/drive/MyDrive/AnomalyDetection/Datamining_dataset/Test/screw_test/screw_thread_side/010.png,screw_test,screw_thread_side,1,6
/content/drive/MyDrive/AnomalyDetection/Datamining_dataset/Test/screw_test/screw_thread_side/022.png,screw_test,screw_thread_side,1,6
/content/drive/MyDrive/AnomalyDetection/Datamining_dataset/Test/screw_test/screw_thread_side/006.png,screw_test,screw_thread_side,1,6
/content/drive/MyDrive/AnomalyDetection/Datamining_dataset/Test/screw_test/screw_thread_side/003.png,screw_test,screw_thread_side,1,6
/content/drive/MyDrive/AnomalyDetection/Datamining_dataset/Test/screw_test/screw_thread_side/000.png,screw_test,screw_thread_side,1,6
/content/drive/MyDrive/AnomalyDetection/Datamining_dataset/Test/screw_test/screw_thread_side/019.png,screw_test,screw_thread_side,1,6
/content/drive/MyDrive/AnomalyDetection/Datamining_dataset/Test/screw_test/screw_thread_top/009.png,screw_test,screw_thread_top,1,6
/content/drive/MyDrive/AnomalyDetection/Datamining_dataset/Test/screw_test/screw_thread_top/002.png,screw_test,screw_thread_top,1,6
/content/drive/MyDrive/AnomalyDetection/Datamining_dataset/Test/screw_test/screw_thread_top/016.png,screw_test,screw_thread_top,1,6
/content/drive/MyDrive/AnomalyDetection/Datamining_dataset/Test/screw_test/screw_thread_top/019.png,screw_test,screw_thread_top,1,6
/content/drive/MyDrive/AnomalyDetection/Datamining_dataset/Test/screw_test/screw_thread_top/011.png,screw_test,screw_thread_top,1,6
/content/drive/MyDrive/AnomalyDetection/Datamining_dataset/Test/screw_test/screw_thread_top/000.png,screw_test,screw_thread_top,1,6
/content/drive/MyDrive/AnomalyDetection/Datamining_dataset/Test/screw_test/screw_thread_top/005.png,screw_test,screw_thread_top,1,6
/content/drive/MyDrive/AnomalyDetection/Datamining_dataset/Test/screw_test/screw_thread_top/017.png,screw_test,screw_thread_top,1,8
/content/drive/MyDrive/AnomalyDetection/Datamining_dataset/Test/screw_test/screw_thread_top/013.png,screw_test,screw_thread_top,1,6
/content/drive/MyDrive/AnomalyDetection/Datamining_dataset/Test/screw_test/screw_thread_top/022.png,screw_test,screw_thread_top,1,6
/content/drive/MyDrive/AnomalyDetection/Datamining_dataset/Test/screw_test/screw_thread_top/001.png,screw_test,screw_thread_top,1,6
/content/drive/MyDrive/AnomalyDetection/Datamining_dataset/Test/screw_test/screw_thread_top/007.png,screw_test,screw_thread_top,1,6
/content/drive/MyDrive/AnomalyDetection/Datamining_dataset/Test/screw_test/screw_thread_top/020.png,screw_test,screw_thread_top,1,6
/content/drive/MyDrive/AnomalyDetection/Datamining_dataset/Test/screw_test/screw_thread_top/006.png,screw_test,screw_thread_top,1,6
/content/drive/MyDrive/AnomalyDetection/Datamining_dataset/Test/screw_test/screw_thread_top/021.png,screw_test,screw_thread_top,1,6
/content/drive/MyDrive/AnomalyDetection/Datamining_dataset/Test/screw_test/screw_thread_top/012.png,screw_test,screw_thread_top,1,6
/content/drive/MyDrive/AnomalyDetection/Datamining_dataset/Test/screw_test/screw_thread_top/014.png,screw_test,screw_thread_top,1,6
/content/drive/MyDrive/AnomalyDetection/Datamining_dataset/Test/screw_test/screw_thread_top/003.png,screw_test,screw_thread_top,1,6
/content/drive/MyDrive/AnomalyDetection/Datamining_dataset/Test/screw_test/screw_thread_top/015.png,screw_test,screw_thread_top,1,6
/content/drive/MyDrive/AnomalyDetection/Datamining_dataset/Test/screw_test/screw_thread_top/008.png,screw_test,screw_thread_top,1,6
/content/drive/MyDrive/AnomalyDetection/Datamining_dataset/Test/screw_test/screw_thread_top/018.png,screw_test,screw_thread_top,1,6
/content/drive/MyDrive/AnomalyDetection/Datamining_dataset/Test/screw_test/screw_thread_top/010.png,screw_test,screw_thread_top,1,6
/content/drive/MyDrive/AnomalyDetection/Datamining_dataset/Test/screw_test/screw_thread_top/004.png,screw_test,screw_thread_top,1,6
/content/drive/MyDrive/AnomalyDetection/Datamining_dataset/Test/metal_nut_test/metal_nut_flip/017.png,metal_nut_test,metal_nut_flip,1,12
/content/drive/MyDrive/AnomalyDetection/Datamining_dataset/Test/metal_nut_test/metal_nut_flip/019.png,metal_nut_test,metal_nut_flip,1,10
/content/drive/MyDrive/AnomalyDetection/Datamining_dataset/Test/metal_nut_test/metal_nut_flip/003.png,metal_nut_test,metal_nut_flip,1,10
/content/drive/MyDrive/AnomalyDetection/Datamining_dataset/Test/metal_nut_test/metal_nut_flip/007.png,metal_nut_test,metal_nut_flip,1,10
/content/drive/MyDrive/AnomalyDetection/Datamining_dataset/Test/metal_nut_test/metal_nut_flip/020.png,metal_nut_test,metal_nut_flip,1,10
/content/drive/MyDrive/AnomalyDetection/Datamining_dataset/Test/metal_nut_test/metal_nut_flip/009.png,metal_nut_test,metal_nut_flip,1,10
/content/drive/MyDrive/AnomalyDetection/Datamining_dataset/Test/metal_nut_test/metal_nut_flip/000.png,metal_nut_test,metal_nut_flip,1,10
/content/drive/MyDrive/AnomalyDetection/Datamining_dataset/Test/metal_nut_test/metal_nut_flip/001.png,metal_nut_test,metal_nut_flip,1,10
/content/drive/MyDrive/AnomalyDetection/Datamining_dataset/Test/metal_nut_test/metal_nut_flip/005.png,metal_nut_test,metal_nut_flip,1,10
/content/drive/MyDrive/AnomalyDetection/Datamining_dataset/Test/metal_nut_test/metal_nut_flip/010.png,metal_nut_test,metal_nut_flip,1,10
/content/drive/MyDrive/AnomalyDetection/Datamining_dataset/Test/metal_nut_test/metal_nut_flip/008.png,metal_nut_test,metal_nut_flip,1,10
/content/drive/MyDrive/AnomalyDetection/Datamining_dataset/Test/metal_nut_test/metal_nut_flip/016.png,metal_nut_test,metal_nut_flip,1,10
/content/drive/MyDrive/AnomalyDetection/Datamining_dataset/Test/metal_nut_test/metal_nut_flip/018.png,metal_nut_test,metal_nut_flip,1,10
/content/drive/MyDrive/AnomalyDetection/Datamining_dataset/Test/metal_nut_test/metal_nut_flip/021.png,metal_nut_test,metal_nut_flip,1,10
/content/drive/MyDrive/AnomalyDetection/Datamining_dataset/Test/metal_nut_test/metal_nut_flip/012.png,metal_nut_test,metal_nut_flip,1,10
/content/drive/MyDrive/AnomalyDetection/Datamining_dataset/Test/metal_nut_test/metal_nut_flip/015.png,metal_nut_test,metal_nut_flip,1,10
/content/drive/MyDrive/AnomalyDetection/Datamining_dataset/Test/metal_nut_test/metal_nut_flip/002.png,metal_nut_test,metal_nut_flip,1,10
/content/drive/MyDrive/AnomalyDetection/Datamining_dataset/Test/metal_nut_test/metal_nut_flip/022.png,metal_nut_test,metal_nut_flip,1,10
/content/drive/MyDrive/AnomalyDetection/Datamining_dataset/Test/metal_nut_test/metal_nut_flip/011.png,metal_nut_test,metal_nut_flip,1,10
/content/drive/MyDrive/AnomalyDetection/Datamining_dataset/Test/metal_nut_test/metal_nut_flip/013.png,metal_nut_test,metal_nut_flip,1,10
/content/drive/MyDrive/AnomalyDetection/Datamining_dataset/Test/metal_nut_test/metal_nut_flip/004.png,metal_nut_test,metal_nut_flip,1,10
/content/drive/MyDrive/AnomalyDetection/Datamining_dataset/Test/metal_nut_test/metal_nut_flip/006.png,metal_nut_test,metal_nut_flip,1,10
/content/drive/MyDrive/AnomalyDetection/Datamining_dataset/Test/metal_nut_test/metal_nut_flip/014.png,metal_nut_test,metal_nut_flip,1,10
/content/drive/MyDrive/AnomalyDetection/Datamining_dataset/Test/metal_nut_test/metal_nut_color/013.png,metal_nut_test,metal_nut_color,1,10
/content/drive/MyDrive/AnomalyDetection/Datamining_dataset/Test/metal_nut_test/metal_nut_color/003.png,metal_nut_test,metal_nut_color,1,10
/content/drive/MyDrive/AnomalyDetection/Datamining_dataset/Test/metal_nut_test/metal_nut_color/018.png,metal_nut_test,metal_nut_color,1,10
/content/drive/MyDrive/AnomalyDetection/Datamining_dataset/Test/metal_nut_test/metal_nut_color/004.png,metal_nut_test,metal_nut_color,1,10
/content/drive/MyDrive/AnomalyDetection/Datamining_dataset/Test/metal_nut_test/metal_nut_color/019.png,metal_nut_test,metal_nut_color,1,10
/content/drive/MyDrive/AnomalyDetection/Datamining_dataset/Test/metal_nut_test/metal_nut_color/017.png,metal_nut_test,metal_nut_color,1,10
/content/drive/MyDrive/AnomalyDetection/Datamining_dataset/Test/metal_nut_test/metal_nut_color/007.png,metal_nut_test,metal_nut_color,1,10
/content/drive/MyDrive/AnomalyDetection/Datamining_dataset/Test/metal_nut_test/metal_nut_color/014.png,metal_nut_test,metal_nut_color,1,10
/content/drive/MyDrive/AnomalyDetection/Datamining_dataset/Test/metal_nut_test/metal_nut_color/015.png,metal_nut_test,metal_nut_color,1,10
/content/drive/MyDrive/AnomalyDetection/Datamining_dataset/Test/metal_nut_test/metal_nut_color/001.png,metal_nut_test,metal_nut_color,1,10
/content/drive/MyDrive/AnomalyDetection/Datamining_dataset/Test/metal_nut_test/metal_nut_color/005.png,metal_nut_test,metal_nut_color,1,10
/content/drive/MyDrive/AnomalyDetection/Datamining_dataset/Test/metal_nut_test/metal_nut_color/020.png,metal_nut_test,metal_nut_color,1,10
/content/drive/MyDrive/AnomalyDetection/Datamining_dataset/Test/metal_nut_test/metal_nut_color/000.png,metal_nut_test,metal_nut_color,1,10
/content/drive/MyDrive/AnomalyDetection/Datamining_dataset/Test/metal_nut_test/metal_nut_color/012.png,metal_nut_test,metal_nut_color,1,10
/content/drive/MyDrive/AnomalyDetection/Datamining_dataset/Test/metal_nut_test/metal_nut_color/009.png,metal_nut_test,metal_nut_color,1,10
/content/drive/MyDrive/AnomalyDetection/Datamining_dataset/Test/metal_nut_test/metal_nut_color/002.png,metal_nut_test,metal_nut_color,1,10
/content/drive/MyDrive/AnomalyDetection/Datamining_dataset/Test/metal_nut_test/metal_nut_color/010.png,metal_nut_test,metal_nut_color,1,10
/content/drive/MyDrive/AnomalyDetection/Datamining_dataset/Test/metal_nut_test/metal_nut_color/021.png,metal_nut_test,metal_nut_color,1,10
/content/drive/MyDrive/AnomalyDetection/Datamining_dataset/Test/metal_nut_test/metal_nut_color/011.png,metal_nut_test,metal_nut_color,1,10
/content/drive/MyDrive/AnomalyDetection/Datamining_dataset/Test/metal_nut_test/metal_nut_color/016.png,metal_nut_test,metal_nut_color,1,10
/content/drive/MyDrive/AnomalyDetection/Datamining_dataset/Test/metal_nut_test/metal_nut_color/006.png,metal_nut_test,metal_nut_color,1,10
/content/drive/MyDrive/AnomalyDetection/Datamining_dataset/Test/metal_nut_test/metal_nut_color/008.png,metal_nut_test,metal_nut_color,1,10
/content/drive/MyDrive/AnomalyDetection/Datamining_dataset/Test/metal_nut_test/metal_nut_bent/012.png,metal_nut_test,metal_nut_bent,1,6
/content/drive/MyDrive/AnomalyDetection/Datamining_dataset/Test/metal_nut_test/metal_nut_bent/005.png,metal_nut_test,metal_nut_bent,1,6
/content/drive/MyDrive/AnomalyDetection/Datamining_dataset/Test/metal_nut_test/metal_nut_bent/002.png,metal_nut_test,metal_nut_bent,1,6
/content/drive/MyDrive/AnomalyDetection/Datamining_dataset/Test/metal_nut_test/metal_nut_bent/018.png,metal_nut_test,metal_nut_bent,1,6
/content/drive/MyDrive/AnomalyDetection/Datamining_dataset/Test/metal_nut_test/metal_nut_bent/010.png,metal_nut_test,metal_nut_bent,1,6
/content/drive/MyDrive/AnomalyDetection/Datamining_dataset/Test/metal_nut_test/metal_nut_bent/008.png,metal_nut_test,metal_nut_bent,1,6
/content/drive/MyDrive/AnomalyDetection/Datamining_dataset/Test/metal_nut_test/metal_nut_bent/014.png,metal_nut_test,metal_nut_bent,1,6
/content/drive/MyDrive/AnomalyDetection/Datamining_dataset/Test/metal_nut_test/metal_nut_bent/021.png,metal_nut_test,metal_nut_bent,1,7
/content/drive/MyDrive/AnomalyDetection/Datamining_dataset/Test/metal_nut_test/metal_nut_bent/019.png,metal_nut_test,metal_nut_bent,1,6
/content/drive/MyDrive/AnomalyDetection/Datamining_dataset/Test/metal_nut_test/metal_nut_bent/016.png,metal_nut_test,metal_nut_bent,1,6
/content/drive/MyDrive/AnomalyDetection/Datamining_dataset/Test/metal_nut_test/metal_nut_bent/011.png,metal_nut_test,metal_nut_bent,1,6
/content/drive/MyDrive/AnomalyDetection/Datamining_dataset/Test/metal_nut_test/metal_nut_bent/000.png,metal_nut_test,metal_nut_bent,1,6
/content/drive/MyDrive/AnomalyDetection/Datamining_dataset/Test/metal_nut_test/metal_nut_bent/009.png,metal_nut_test,metal_nut_bent,1,6
/content/drive/MyDrive/AnomalyDetection/Datamining_dataset/Test/metal_nut_test/metal_nut_bent/001.png,metal_nut_test,metal_nut_bent,1,6
/content/drive/MyDrive/AnomalyDetection/Datamining_dataset/Test/metal_nut_test/metal_nut_bent/020.png,metal_nut_test,metal_nut_bent,1,7
/content/drive/MyDrive/AnomalyDetection/Datamining_dataset/Test/metal_nut_test/metal_nut_bent/006.png,metal_nut_test,metal_nut_bent,1,6
/content/drive/MyDrive/AnomalyDetection/Datamining_dataset/Test/metal_nut_test/metal_nut_bent/003.png,metal_nut_test,metal_nut_bent,1,6
/content/drive/MyDrive/AnomalyDetection/Datamining_dataset/Test/metal_nut_test/metal_nut_bent/007.png,metal_nut_test,metal_nut_bent,1,6
/content/drive/MyDrive/AnomalyDetection/Datamining_dataset/Test/metal_nut_test/metal_nut_bent/024.png,metal_nut_test,metal_nut_bent,1,6
/content/drive/MyDrive/AnomalyDetection/Datamining_dataset/Test/metal_nut_test/metal_nut_bent/015.png,metal_nut_test,metal_nut_bent,1,6
/content/drive/MyDrive/AnomalyDetection/Datamining_dataset/Test/metal_nut_test/metal_nut_bent/023.png,metal_nut_test,metal_nut_bent,1,6
/content/drive/MyDrive/AnomalyDetection/Datamining_dataset/Test/metal_nut_test/metal_nut_bent/004.png,metal_nut_test,metal_nut_bent,1,6
/content/drive/MyDrive/AnomalyDetection/Datamining_dataset/Test/metal_nut_test/metal_nut_bent/013.png,metal_nut_test,metal_nut_bent,1,6
/content/drive/MyDrive/AnomalyDetection/Datamining_dataset/Test/metal_nut_test/metal_nut_bent/022.png,metal_nut_test,metal_nut_bent,1,6
/content/drive/MyDrive/AnomalyDetection/Datamining_dataset/Test/metal_nut_test/metal_nut_bent/017.png,metal_nut_test,metal_nut_bent,1,6
/content/drive/MyDrive/AnomalyDetection/Datamining_dataset/Test/metal_nut_test/metal_nut_good/002.png,metal_nut_test,metal_nut_good,0,15
/content/drive/MyDrive/AnomalyDetection/Datamining_dataset/Test/metal_nut_test/metal_nut_good/004.png,metal_nut_test,metal_nut_good,0,15
/content/drive/MyDrive/AnomalyDetection/Datamining_dataset/Test/metal_nut_test/metal_nut_good/019.png,metal_nut_test,metal_nut_good,0,15
/content/drive/MyDrive/AnomalyDetection/Datamining_dataset/Test/metal_nut_test/metal_nut_good/017.png,metal_nut_test,metal_nut_good,0,15
/content/drive/MyDrive/AnomalyDetection/Datamining_dataset/Test/metal_nut_test/metal_nut_good/007.png,metal_nut_test,metal_nut_good,0,15
/content/drive/MyDrive/AnomalyDetection/Datamining_dataset/Test/metal_nut_test/metal_nut_good/018.png,metal_nut_test,metal_nut_good,0,15
/content/drive/MyDrive/AnomalyDetection/Datamining_dataset/Test/metal_nut_test/metal_nut_good/011.png,metal_nut_test,metal_nut_good,0,15
/content/drive/MyDrive/AnomalyDetection/Datamining_dataset/Test/metal_nut_test/metal_nut_good/006.png,metal_nut_test,metal_nut_good,0,15
/content/drive/MyDrive/AnomalyDetection/Datamining_dataset/Test/metal_nut_test/metal_nut_good/016.png,metal_nut_test,metal_nut_good,0,15
/content/drive/MyDrive/AnomalyDetection/Datamining_dataset/Test/metal_nut_test/metal_nut_good/021.png,metal_nut_test,metal_nut_good,0,15
/content/drive/MyDrive/AnomalyDetection/Datamining_dataset/Test/metal_nut_test/metal_nut_good/009.png,metal_nut_test,metal_nut_good,0,14
/content/drive/MyDrive/AnomalyDetection/Datamining_dataset/Test/metal_nut_test/metal_nut_good/012.png,metal_nut_test,metal_nut_good,0,15
/content/drive/MyDrive/AnomalyDetection/Datamining_dataset/Test/metal_nut_test/metal_nut_good/005.png,metal_nut_test,metal_nut_good,0,15
/content/drive/MyDrive/AnomalyDetection/Datamining_dataset/Test/metal_nut_test/metal_nut_good/013.png,metal_nut_test,metal_nut_good,0,13
/content/drive/MyDrive/AnomalyDetection/Datamining_dataset/Test/metal_nut_test/metal_nut_good/010.png,metal_nut_test,metal_nut_good,0,15
/content/drive/MyDrive/AnomalyDetection/Datamining_dataset/Test/metal_nut_test/metal_nut_good/003.png,metal_nut_test,metal_nut_good,0,15
/content/drive/MyDrive/AnomalyDetection/Datamining_dataset/Test/metal_nut_test/metal_nut_good/001.png,metal_nut_test,metal_nut_good,0,15
/content/drive/MyDrive/AnomalyDetection/Datamining_dataset/Test/metal_nut_test/metal_nut_good/015.png,metal_nut_test,metal_nut_good,0,15
/content/drive/MyDrive/AnomalyDetection/Datamining_dataset/Test/metal_nut_test/metal_nut_good/020.png,metal_nut_test,metal_nut_good,0,15
/content/drive/MyDrive/AnomalyDetection/Datamining_dataset/Test/metal_nut_test/metal_nut_good/014.png,metal_nut_test,metal_nut_good,0,15
/content/drive/MyDrive/AnomalyDetection/Datamining_dataset/Test/metal_nut_test/metal_nut_good/000.png,metal_nut_test,metal_nut_good,0,15
/content/drive/MyDrive/AnomalyDetection/Datamining_dataset/Test/metal_nut_test/metal_nut_good/008.png,metal_nut_test,metal_nut_good,0,15
/content/drive/MyDrive/AnomalyDetection/Datamining_dataset/Test/metal_nut_test/metal_nut_scratch/017.png,metal_nut_test,metal_nut_scratch,1,10
/content/drive/MyDrive/AnomalyDetection/Datamining_dataset/Test/metal_nut_test/metal_nut_scratch/005.png,metal_nut_test,metal_nut_scratch,1,10
/content/drive/MyDrive/AnomalyDetection/Datamining_dataset/Test/metal_nut_test/metal_nut_scratch/000.png,metal_nut_test,metal_nut_scratch,1,10
/content/drive/MyDrive/AnomalyDetection/Datamining_dataset/Test/metal_nut_test/metal_nut_scratch/012.png,metal_nut_test,metal_nut_scratch,1,10
/content/drive/MyDrive/AnomalyDetection/Datamining_dataset/Test/metal_nut_test/metal_nut_scratch/019.png,metal_nut_test,metal_nut_scratch,1,10
/content/drive/MyDrive/AnomalyDetection/Datamining_dataset/Test/metal_nut_test/metal_nut_scratch/002.png,metal_nut_test,metal_nut_scratch,1,10
/content/drive/MyDrive/AnomalyDetection/Datamining_dataset/Test/metal_nut_test/metal_nut_scratch/015.png,metal_nut_test,metal_nut_scratch,1,10
/content/drive/MyDrive/AnomalyDetection/Datamining_dataset/Test/metal_nut_test/metal_nut_scratch/009.png,metal_nut_test,metal_nut_scratch,1,11
/content/drive/MyDrive/AnomalyDetection/Datamining_dataset/Test/metal_nut_test/metal_nut_scratch/022.png,metal_nut_test,metal_nut_scratch,1,10
/content/drive/MyDrive/AnomalyDetection/Datamining_dataset/Test/metal_nut_test/metal_nut_scratch/010.png,metal_nut_test,metal_nut_scratch,1,10
/content/drive/MyDrive/AnomalyDetection/Datamining_dataset/Test/metal_nut_test/metal_nut_scratch/018.png,metal_nut_test,metal_nut_scratch,1,10
/content/drive/MyDrive/AnomalyDetection/Datamining_dataset/Test/metal_nut_test/metal_nut_scratch/013.png,metal_nut_test,metal_nut_scratch,1,10
/content/drive/MyDrive/AnomalyDetection/Datamining_dataset/Test/metal_nut_test/metal_nut_scratch/003.png,metal_nut_test,metal_nut_scratch,1,10
/content/drive/MyDrive/AnomalyDetection/Datamining_dataset/Test/metal_nut_test/metal_nut_scratch/006.png,metal_nut_test,metal_nut_scratch,1,10
/content/drive/MyDrive/AnomalyDetection/Datamining_dataset/Test/metal_nut_test/metal_nut_scratch/020.png,metal_nut_test,metal_nut_scratch,1,10
/content/drive/MyDrive/AnomalyDetection/Datamining_dataset/Test/metal_nut_test/metal_nut_scratch/014.png,metal_nut_test,metal_nut_scratch,1,10
/content/drive/MyDrive/AnomalyDetection/Datamining_dataset/Test/metal_nut_test/metal_nut_scratch/016.png,metal_nut_test,metal_nut_scratch,1,10
/content/drive/MyDrive/AnomalyDetection/Datamining_dataset/Test/metal_nut_test/metal_nut_scratch/004.png,metal_nut_test,metal_nut_scratch,1,10
/content/drive/MyDrive/AnomalyDetection/Datamining_dataset/Test/metal_nut_test/metal_nut_scratch/011.png,metal_nut_test,metal_nut_scratch,1,10
/content/drive/MyDrive/AnomalyDetection/Datamining_dataset/Test/metal_nut_test/metal_nut_scratch/001.png,metal_nut_test,metal_nut_scratch,1,10
/content/drive/MyDrive/AnomalyDetection/Datamining_dataset/Test/metal_nut_test/metal_nut_scratch/007.png,metal_nut_test,metal_nut_scratch,1,10
/content/drive/MyDrive/AnomalyDetection/Datamining_dataset/Test/metal_nut_test/metal_nut_scratch/008.png,metal_nut_test,metal_nut_scratch,1,10
/content/drive/MyDrive/AnomalyDetection/Datamining_dataset/Test/metal_nut_test/metal_nut_scratch/021.png,metal_nut_test,metal_nut_scratch,1,10
/content/drive/MyDrive/AnomalyDetection/Datamining_dataset/Test/transistor_test/transistor_damaged_case/004.png,transistor_test,transistor_damaged_case,1,3
/content/drive/MyDrive/AnomalyDetection/Datamining_dataset/Test/transistor_test/transistor_damaged_case/000.png,transistor_test,transistor_damaged_case,1,3
/content/drive/MyDrive/AnomalyDetection/Datamining_dataset/Test/transistor_test/transistor_damaged_case/002.png,transistor_test,transistor_damaged_case,1,3
/content/drive/MyDrive/AnomalyDetection/Datamining_dataset/Test/transistor_test/transistor_damaged_case/001.png,transistor_test,transistor_damaged_case,1,3
/content/drive/MyDrive/AnomalyDetection/Datamining_dataset/Test/transistor_test/transistor_damaged_case/005.png,transistor_test,transistor_damaged_case,1,3
/content/drive/MyDrive/AnomalyDetection/Datamining_dataset/Test/transistor_test/transistor_damaged_case/007.png,transistor_test,transistor_damaged_case,1,3
/content/drive/MyDrive/AnomalyDetection/Datamining_dataset/Test/transistor_test/transistor_damaged_case/009.png,transistor_test,transistor_damaged_case,1,3
/content/drive/MyDrive/AnomalyDetection/Datamining_dataset/Test/transistor_test/transistor_damaged_case/003.png,transistor_test,transistor_damaged_case,1,3
/content/drive/MyDrive/AnomalyDetection/Datamining_dataset/Test/transistor_test/transistor_damaged_case/008.png,transistor_test,transistor_damaged_case,1,3
/content/drive/MyDrive/AnomalyDetection/Datamining_dataset/Test/transistor_test/transistor_damaged_case/006.png,transistor_test,transistor_damaged_case,1,3
/content/drive/MyDrive/AnomalyDetection/Datamining_dataset/Test/transistor_test/transistor_cut_lead/007.png,transistor_test,transistor_cut_lead,1,1
/content/drive/MyDrive/AnomalyDetection/Datamining_dataset/Test/transistor_test/transistor_cut_lead/002.png,transistor_test,transistor_cut_lead,1,1
/content/drive/MyDrive/AnomalyDetection/Datamining_dataset/Test/transistor_test/transistor_cut_lead/000.png,transistor_test,transistor_cut_lead,1,1
/content/drive/MyDrive/AnomalyDetection/Datamining_dataset/Test/transistor_test/transistor_cut_lead/001.png,transistor_test,transistor_cut_lead,1,1
/content/drive/MyDrive/AnomalyDetection/Datamining_dataset/Test/transistor_test/transistor_cut_lead/006.png,transistor_test,transistor_cut_lead,1,1
/content/drive/MyDrive/AnomalyDetection/Datamining_dataset/Test/transistor_test/transistor_cut_lead/004.png,transistor_test,transistor_cut_lead,1,1
/content/drive/MyDrive/AnomalyDetection/Datamining_dataset/Test/transistor_test/transistor_cut_lead/009.png,transistor_test,transistor_cut_lead,1,1
/content/drive/MyDrive/AnomalyDetection/Datamining_dataset/Test/transistor_test/transistor_cut_lead/008.png,transistor_test,transistor_cut_lead,1,1
/content/drive/MyDrive/AnomalyDetection/Datamining_dataset/Test/transistor_test/transistor_cut_lead/005.png,transistor_test,transistor_cut_lead,1,1
/content/drive/MyDrive/AnomalyDetection/Datamining_dataset/Test/transistor_test/transistor_cut_lead/003.png,transistor_test,transistor_cut_lead,1,1
/content/drive/MyDrive/AnomalyDetection/Datamining_dataset/Test/transistor_test/transistor_bent_lead/009.png,transistor_test,transistor_bent_lead,1,3
/content/drive/MyDrive/AnomalyDetection/Datamining_dataset/Test/transistor_test/transistor_bent_lead/001.png,transistor_test,transistor_bent_lead,1,3
/content/drive/MyDrive/AnomalyDetection/Datamining_dataset/Test/transistor_test/transistor_bent_lead/005.png,transistor_test,transistor_bent_lead,1,3
/content/drive/MyDrive/AnomalyDetection/Datamining_dataset/Test/transistor_test/transistor_bent_lead/006.png,transistor_test,transistor_bent_lead,1,3
/content/drive/MyDrive/AnomalyDetection/Datamining_dataset/Test/transistor_test/transistor_bent_lead/000.png,transistor_test,transistor_bent_lead,1,3
/content/drive/MyDrive/AnomalyDetection/Datamining_dataset/Test/transistor_test/transistor_bent_lead/002.png,transistor_test,transistor_bent_lead,1,3
/content/drive/MyDrive/AnomalyDetection/Datamining_dataset/Test/transistor_test/transistor_bent_lead/007.png,transistor_test,transistor_bent_lead,1,3
/content/drive/MyDrive/AnomalyDetection/Datamining_dataset/Test/transistor_test/transistor_bent_lead/008.png,transistor_test,transistor_bent_lead,1,3
/content/drive/MyDrive/AnomalyDetection/Datamining_dataset/Test/transistor_test/transistor_bent_lead/003.png,transistor_test,transistor_bent_lead,1,3
/content/drive/MyDrive/AnomalyDetection/Datamining_dataset/Test/transistor_test/transistor_bent_lead/004.png,transistor_test,transistor_bent_lead,1,3
/content/drive/MyDrive/AnomalyDetection/Datamining_dataset/Test/transistor_test/transistor_good/036.png,transistor_test,transistor_good,0,15
/content/drive/MyDrive/AnomalyDetection/Datamining_dataset/Test/transistor_test/transistor_good/015.png,transistor_test,transistor_good,0,15
/content/drive/MyDrive/AnomalyDetection/Datamining_dataset/Test/transistor_test/transistor_good/030.png,transistor_test,transistor_good,0,15
/content/drive/MyDrive/AnomalyDetection/Datamining_dataset/Test/transistor_test/transistor_good/037.png,transistor_test,transistor_good,0,15
/content/drive/MyDrive/AnomalyDetection/Datamining_dataset/Test/transistor_test/transistor_good/035.png,transistor_test,transistor_good,0,15
/content/drive/MyDrive/AnomalyDetection/Datamining_dataset/Test/transistor_test/transistor_good/026.png,transistor_test,transistor_good,0,15
/content/drive/MyDrive/AnomalyDetection/Datamining_dataset/Test/transistor_test/transistor_good/014.png,transistor_test,transistor_good,0,15
/content/drive/MyDrive/AnomalyDetection/Datamining_dataset/Test/transistor_test/transistor_good/038.png,transistor_test,transistor_good,0,15
/content/drive/MyDrive/AnomalyDetection/Datamining_dataset/Test/transistor_test/transistor_good/034.png,transistor_test,transistor_good,0,15
/content/drive/MyDrive/AnomalyDetection/Datamining_dataset/Test/transistor_test/transistor_good/011.png,transistor_test,transistor_good,0,15
/content/drive/MyDrive/AnomalyDetection/Datamining_dataset/Test/transistor_test/transistor_good/022.png,transistor_test,transistor_good,0,15
/content/drive/MyDrive/AnomalyDetection/Datamining_dataset/Test/transistor_test/transistor_good/041.png,transistor_test,transistor_good,0,14
/content/drive/MyDrive/AnomalyDetection/Datamining_dataset/Test/transistor_test/transistor_good/039.png,transistor_test,transistor_good,0,15
/content/drive/MyDrive/AnomalyDetection/Datamining_dataset/Test/transistor_test/transistor_good/033.png,transistor_test,transistor_good,0,15
/content/drive/MyDrive/AnomalyDetection/Datamining_dataset/Test/transistor_test/transistor_good/001.png,transistor_test,transistor_good,0,15
/content/drive/MyDrive/AnomalyDetection/Datamining_dataset/Test/transistor_test/transistor_good/013.png,transistor_test,transistor_good,0,15
/content/drive/MyDrive/AnomalyDetection/Datamining_dataset/Test/transistor_test/transistor_good/003.png,transistor_test,transistor_good,0,15
/content/drive/MyDrive/AnomalyDetection/Datamining_dataset/Test/transistor_test/transistor_good/009.png,transistor_test,transistor_good,0,15
/content/drive/MyDrive/AnomalyDetection/Datamining_dataset/Test/transistor_test/transistor_good/029.png,transistor_test,transistor_good,0,15
/content/drive/MyDrive/AnomalyDetection/Datamining_dataset/Test/transistor_test/transistor_good/028.png,transistor_test,transistor_good,0,15
/content/drive/MyDrive/AnomalyDetection/Datamining_dataset/Test/transistor_test/transistor_good/002.png,transistor_test,transistor_good,0,15
/content/drive/MyDrive/AnomalyDetection/Datamining_dataset/Test/transistor_test/transistor_good/021.png,transistor_test,transistor_good,0,15
/content/drive/MyDrive/AnomalyDetection/Datamining_dataset/Test/transistor_test/transistor_good/012.png,transistor_test,transistor_good,0,15
/content/drive/MyDrive/AnomalyDetection/Datamining_dataset/Test/transistor_test/transistor_good/016.png,transistor_test,transistor_good,0,15
/content/drive/MyDrive/AnomalyDetection/Datamining_dataset/Test/transistor_test/transistor_good/007.png,transistor_test,transistor_good,0,15
/content/drive/MyDrive/AnomalyDetection/Datamining_dataset/Test/transistor_test/transistor_good/020.png,transistor_test,transistor_good,0,15
/content/drive/MyDrive/AnomalyDetection/Datamining_dataset/Test/transistor_test/transistor_good/032.png,transistor_test,transistor_good,0,15
/content/drive/MyDrive/AnomalyDetection/Datamining_dataset/Test/transistor_test/transistor_good/006.png,transistor_test,transistor_good,0,15
/content/drive/MyDrive/AnomalyDetection/Datamining_dataset/Test/transistor_test/transistor_good/019.png,transistor_test,transistor_good,0,15
/content/drive/MyDrive/AnomalyDetection/Datamining_dataset/Test/transistor_test/transistor_good/040.png,transistor_test,transistor_good,0,15
/content/drive/MyDrive/AnomalyDetection/Datamining_dataset/Test/transistor_test/transistor_good/031.png,transistor_test,transistor_good,0,15
/content/drive/MyDrive/AnomalyDetection/Datamining_dataset/Test/transistor_test/transistor_good/027.png,transistor_test,transistor_good,0,15
/content/drive/MyDrive/AnomalyDetection/Datamining_dataset/Test/transistor_test/transistor_good/018.png,transistor_test,transistor_good,0,15
/content/drive/MyDrive/AnomalyDetection/Datamining_dataset/Test/transistor_test/transistor_good/023.png,transistor_test,transistor_good,0,15
/content/drive/MyDrive/AnomalyDetection/Datamining_dataset/Test/transistor_test/transistor_good/010.png,transistor_test,transistor_good,0,15
/content/drive/MyDrive/AnomalyDetection/Datamining_dataset/Test/transistor_test/transistor_good/024.png,transistor_test,transistor_good,0,14
/content/drive/MyDrive/AnomalyDetection/Datamining_dataset/Test/transistor_test/transistor_good/004.png,transistor_test,transistor_good,0,15
/content/drive/MyDrive/AnomalyDetection/Datamining_dataset/Test/transistor_test/transistor_good/008.png,transistor_test,transistor_good,0,15
/content/drive/MyDrive/AnomalyDetection/Datamining_dataset/Test/transistor_test/transistor_good/042.png,transistor_test,transistor_good,0,15
/content/drive/MyDrive/AnomalyDetection/Datamining_dataset/Test/transistor_test/transistor_good/025.png,transistor_test,transistor_good,0,11
/content/drive/MyDrive/AnomalyDetection/Datamining_dataset/Test/transistor_test/transistor_good/005.png,transistor_test,transistor_good,0,15
/content/drive/MyDrive/AnomalyDetection/Datamining_dataset/Test/transistor_test/transistor_good/000.png,transistor_test,transistor_good,0,15
/content/drive/MyDrive/AnomalyDetection/Datamining_dataset/Test/transistor_test/transistor_good/017.png,transistor_test,transistor_good,0,14
